<?xml version="1.0" encoding="UTF-8"?>
<this:ExplanationAndErrors xmlns:this="org/vagabond/xmlmodel/explanderror"
						   xmlns:xsi="http://www.w3.org/2001/XMLSchema-instance">
  <Explanations>
	<!--
		A(tarticle,0|0|2604,title)
		A(tarticle,0|1|1214,title)
		A(tarticle,0|2|10177,title)
		A(tarticle,0|3|4640,title)
		A(tarticle,0|4|1203,title)
		A(tarticle,0|5|5178,title)
		A(tarticle,1|6|5644,title)
		A(tarticle,2|7|3264,title)
		A(tarticle,3|8|874,title)
		A(tarticle,4|10|7318,title)
		A(tarticle,4|9|7871,title)
		A(tarticle,5|11|4064,title)
		A(tarticle,6|12|2273,title)
		A(tarticle,6|13|2533,title)
		A(tarticle,6|14|8787,title)
		A(tarticle,6|15|5264,title)
		A(tarticle,7|16|3582,title)
	-->
    <Explanation type="Correspondence">
	  <Explains>		
		<Relation>tarticle</Relation>
		<TupleID>0|0|2604</TupleID>
		<Attribute>title</Attribute>
	  </Explains>
	  <Coverage>
		<AttrMarker>
		  <Relation>tarticle</Relation>
		  <TupleID>0|1|1214</TupleID>
		  <Attribute>title</Attribute>
		</AttrMarker>
		<AttrMarker>
		  <Relation>tarticle</Relation>
		  <TupleID>0|2|10177</TupleID>
		  <Attribute>title</Attribute>
		</AttrMarker>
		<AttrMarker>
		  <Relation>tarticle</Relation>
		  <TupleID>0|3|4640</TupleID>
		  <Attribute>title</Attribute>
		</AttrMarker>
		<AttrMarker>
		  <Relation>tarticle</Relation>
		  <TupleID>0|4|1203</TupleID>
		  <Attribute>title</Attribute>
		</AttrMarker>
		<AttrMarker>
		  <Relation>tarticle</Relation>
		  <TupleID>0|5|5178</TupleID>
		  <Attribute>title</Attribute>
		</AttrMarker>
		<AttrMarker>
		  <Relation>tarticle</Relation>
		  <TupleID>1|6|5644</TupleID>
		  <Attribute>title</Attribute>
		</AttrMarker>
		<AttrMarker>
		  <Relation>tarticle</Relation>
		  <TupleID>2|7|3264</TupleID>
		  <Attribute>title</Attribute>
		</AttrMarker>
		<AttrMarker>
		  <Relation>tarticle</Relation>
		  <TupleID>3|8|874</TupleID>
		  <Attribute>title</Attribute>
		</AttrMarker>
		<AttrMarker>
		  <Relation>tarticle</Relation>
		  <TupleID>4|10|7318</TupleID>
		  <Attribute>title</Attribute>
		</AttrMarker>
		<AttrMarker>
		  <Relation>tarticle</Relation>
		  <TupleID>4|9|7871</TupleID>
		  <Attribute>title</Attribute>
		</AttrMarker>
		<AttrMarker>
		  <Relation>tarticle</Relation>
		  <TupleID>5|11|4064</TupleID>
		  <Attribute>title</Attribute>
		</AttrMarker>
		<AttrMarker>
		  <Relation>tarticle</Relation>
		  <TupleID>6|12|2273</TupleID>
		  <Attribute>title</Attribute>
		</AttrMarker>
		<AttrMarker>
		  <Relation>tarticle</Relation>
		  <TupleID>6|13|2533</TupleID>
		  <Attribute>title</Attribute>
		</AttrMarker>
		<AttrMarker>
		  <Relation>tarticle</Relation>
		  <TupleID>6|14|8787</TupleID>
		  <Attribute>title</Attribute>
		</AttrMarker>
		<AttrMarker>
		  <Relation>tarticle</Relation>
		  <TupleID>6|15|5264</TupleID>
		  <Attribute>title</Attribute>
		</AttrMarker>
		<AttrMarker>
		  <Relation>tarticle</Relation>
		  <TupleID>7|16|3582</TupleID>
		  <Attribute>title</Attribute>
		</AttrMarker>
	  </Coverage>
	  <MappingSE>M6</MappingSE>
	  <CorrespondenceSE>c62</CorrespondenceSE>
	  <TransformationSE>T1</TransformationSE>
	</Explanation>
<!-- A(auth,5610,name)
A(auth,7579,name)
A(auth,460,name) -->
		<Explanation type="SourceCopy">
			<Explains>
				<Relation>auth</Relation>
				<TupleID>5610</TupleID>
				<Attribute>name</Attribute>
			</Explains>
			<Coverage>
			</Coverage>
			<SourceInstSE>
				<AttrMarker>
					<Relation>author</Relation>
					<TupleID>5610</TupleID>
					<Attribute>name</Attribute>
				</AttrMarker>
			</SourceInstSE>
		</Explanation>
		<Explanation type="SourceCopy">
			<Explains>
				<Relation>auth</Relation>
				<TupleID>7579</TupleID>
				<Attribute>name</Attribute>
			</Explains>
			<Coverage>
			</Coverage>
			<SourceInstSE>
				<AttrMarker>
					<Relation>author</Relation>
					<TupleID>7579</TupleID>
					<Attribute>name</Attribute>
				</AttrMarker>
			</SourceInstSE>
		</Explanation>
				<Explanation type="SourceCopy">
			<Explains>
				<Relation>auth</Relation>
				<TupleID>460</TupleID>
				<Attribute>name</Attribute>
			</Explains>
			<Coverage>
			</Coverage>
			<SourceInstSE>
				<AttrMarker>
					<Relation>author</Relation>
					<TupleID>460</TupleID>
					<Attribute>name</Attribute>
				</AttrMarker>
			</SourceInstSE>
		</Explanation>
	<!--
		124
		168
		171
		191
		192
		20
		210
		23
		43
		63
	-->
    <Explanation type="SuperfluousMapping">
	  <Explains>		
		<Relation>auth</Relation>
		<TupleID>124</TupleID>
		<Attribute>authorid</Attribute>
	  </Explains>
	  <Coverage>
		<AttrMarker>
		  <Relation>auth</Relation>
		  <TupleID>124</TupleID>
		  <Attribute>name</Attribute>
		</AttrMarker>
		<AttrMarker>
		  <Relation>auth</Relation>
		  <TupleID>168</TupleID>
		  <Attribute>authorid</Attribute>
		</AttrMarker>
		<AttrMarker>
		  <Relation>auth</Relation>
		  <TupleID>168</TupleID>
		  <Attribute>name</Attribute>
		</AttrMarker>
		<AttrMarker>
		  <Relation>auth</Relation>
		  <TupleID>171</TupleID>
		  <Attribute>authorid</Attribute>
		</AttrMarker>
		<AttrMarker>
		  <Relation>auth</Relation>
		  <TupleID>171</TupleID>
		  <Attribute>name</Attribute>
		</AttrMarker>
		<AttrMarker>
		  <Relation>auth</Relation>
		  <TupleID>191</TupleID>
		  <Attribute>authorid</Attribute>
		</AttrMarker>
		<AttrMarker>
		  <Relation>auth</Relation>
		  <TupleID>191</TupleID>
		  <Attribute>name</Attribute>
		</AttrMarker>
		<AttrMarker>
		  <Relation>auth</Relation>
		  <TupleID>192</TupleID>
		  <Attribute>authorid</Attribute>
		</AttrMarker>
		<AttrMarker>
		  <Relation>auth</Relation>
		  <TupleID>192</TupleID>
		  <Attribute>name</Attribute>
		</AttrMarker>
		<AttrMarker>
		  <Relation>auth</Relation>
		  <TupleID>20</TupleID>
		  <Attribute>authorid</Attribute>
		</AttrMarker>
		<AttrMarker>
		  <Relation>auth</Relation>
		  <TupleID>20</TupleID>
		  <Attribute>name</Attribute>
		</AttrMarker>
		<AttrMarker>
		  <Relation>auth</Relation>
		  <TupleID>210</TupleID>
		  <Attribute>authorid</Attribute>
		</AttrMarker>
		<AttrMarker>
		  <Relation>auth</Relation>
		  <TupleID>210</TupleID>
		  <Attribute>name</Attribute>
		</AttrMarker>
		<AttrMarker>
		  <Relation>auth</Relation>
		  <TupleID>23</TupleID>
		  <Attribute>authorid</Attribute>
		</AttrMarker>
		<AttrMarker>
		  <Relation>auth</Relation>
		  <TupleID>23</TupleID>
		  <Attribute>name</Attribute>
		</AttrMarker>
		<AttrMarker>
		  <Relation>auth</Relation>
		  <TupleID>43</TupleID>
		  <Attribute>authorid</Attribute>
		</AttrMarker>
		<AttrMarker>
		  <Relation>auth</Relation>
		  <TupleID>43</TupleID>
		  <Attribute>name</Attribute>
		</AttrMarker>
		<AttrMarker>
		  <Relation>auth</Relation>
		  <TupleID>63</TupleID>
		  <Attribute>authorid</Attribute>
		</AttrMarker>
		<AttrMarker>
		  <Relation>auth</Relation>
		  <TupleID>63</TupleID>
		  <Attribute>name</Attribute>
		</AttrMarker>
	  </Coverage>
	  <MappingSE>M8</MappingSE>
	  <TransformationSE>T2</TransformationSE>
	</Explanation>
  </Explanations>
</this:ExplanationAndErrors>
