<?xml version="1.0" encoding="UTF-8"?>
<this:ExplanationAndErrors xmlns:this="org/vagabond/xmlmodel/explanderror"
						   xmlns:xsi="http://www.w3.org/2001/XMLSchema-instance">
  <Explanations>
	<!--
		124
		168
		171
		191
		192
		20
		210
		23
		43
		63
	-->
    <Explanation type="SuperfluousMapping">
	  <Explains>		
		<Relation>auth</Relation>
		<TupleID>124</TupleID>
		<Attribute>authorid</Attribute>
	  </Explains>
	  <Coverage>
		<AttrMarker>
		  <Relation>auth</Relation>
		  <TupleID>124</TupleID>
		  <Attribute>name</Attribute>
		</AttrMarker>
		<AttrMarker>
		  <Relation>auth</Relation>
		  <TupleID>168</TupleID>
		  <Attribute>authorid</Attribute>
		</AttrMarker>
		<AttrMarker>
		  <Relation>auth</Relation>
		  <TupleID>168</TupleID>
		  <Attribute>name</Attribute>
		</AttrMarker>
		<AttrMarker>
		  <Relation>auth</Relation>
		  <TupleID>171</TupleID>
		  <Attribute>authorid</Attribute>
		</AttrMarker>
		<AttrMarker>
		  <Relation>auth</Relation>
		  <TupleID>171</TupleID>
		  <Attribute>name</Attribute>
		</AttrMarker>
		<AttrMarker>
		  <Relation>auth</Relation>
		  <TupleID>191</TupleID>
		  <Attribute>authorid</Attribute>
		</AttrMarker>
		<AttrMarker>
		  <Relation>auth</Relation>
		  <TupleID>191</TupleID>
		  <Attribute>name</Attribute>
		</AttrMarker>
		<AttrMarker>
		  <Relation>auth</Relation>
		  <TupleID>192</TupleID>
		  <Attribute>authorid</Attribute>
		</AttrMarker>
		<AttrMarker>
		  <Relation>auth</Relation>
		  <TupleID>192</TupleID>
		  <Attribute>name</Attribute>
		</AttrMarker>
		<AttrMarker>
		  <Relation>auth</Relation>
		  <TupleID>20</TupleID>
		  <Attribute>authorid</Attribute>
		</AttrMarker>
		<AttrMarker>
		  <Relation>auth</Relation>
		  <TupleID>20</TupleID>
		  <Attribute>name</Attribute>
		</AttrMarker>
		<AttrMarker>
		  <Relation>auth</Relation>
		  <TupleID>210</TupleID>
		  <Attribute>authorid</Attribute>
		</AttrMarker>
		<AttrMarker>
		  <Relation>auth</Relation>
		  <TupleID>210</TupleID>
		  <Attribute>name</Attribute>
		</AttrMarker>
		<AttrMarker>
		  <Relation>auth</Relation>
		  <TupleID>23</TupleID>
		  <Attribute>authorid</Attribute>
		</AttrMarker>
		<AttrMarker>
		  <Relation>auth</Relation>
		  <TupleID>23</TupleID>
		  <Attribute>name</Attribute>
		</AttrMarker>
		<AttrMarker>
		  <Relation>auth</Relation>
		  <TupleID>43</TupleID>
		  <Attribute>authorid</Attribute>
		</AttrMarker>
		<AttrMarker>
		  <Relation>auth</Relation>
		  <TupleID>43</TupleID>
		  <Attribute>name</Attribute>
		</AttrMarker>
		<AttrMarker>
		  <Relation>auth</Relation>
		  <TupleID>63</TupleID>
		  <Attribute>authorid</Attribute>
		</AttrMarker>
		<AttrMarker>
		  <Relation>auth</Relation>
		  <TupleID>63</TupleID>
		  <Attribute>name</Attribute>
		</AttrMarker>
	  </Coverage>
	  <MappingSE>M8</MappingSE>
	  <TransformationSE>T2</TransformationSE>
	</Explanation>
  </Explanations>
</this:ExplanationAndErrors>
