<?xml version="1.0" encoding="UTF-8"?>
<!-- AMALGAM REAL DATASET SCENARIO                                                       -->
<!-- AMALGAM SCHEMA 1 to SCHEMA 2                                                        -->
<!-- Mappings created by BG according to material provided by Bodgan Alexe [SIGMOD 2011] -->
<this:MappingScenario xmlns:this="org/vagabond/xmlmodel" xmlns:xsi="http://www.w3.org/2001/XMLSchema-instance">
<Schemas>
	<SourceSchema>


				
<!--  ****************** Publication type tables ************************** -->	
		<Relation name="InProceedings">
			<Attr><Name>inprocID</Name><DataType>TEXT</DataType></Attr>
			<Attr><Name>title</Name><DataType>TEXT</DataType></Attr>
			<Attr><Name>bktitle</Name><DataType>TEXT</DataType></Attr>
			<Attr><Name>year</Name><DataType>INT</DataType></Attr>
			<Attr><Name>month</Name><DataType>TEXT</DataType></Attr>
			<Attr><Name>pages</Name><DataType>TEXT</DataType></Attr>
			<Attr><Name>vol</Name><DataType>INT</DataType></Attr>
			<Attr><Name>num</Name><DataType>INT</DataType></Attr>
			<Attr><Name>loc</Name><DataType>TEXT</DataType></Attr>
			<Attr><Name>class</Name><DataType>TEXT</DataType></Attr>
			<Attr><Name>note</Name><DataType>TEXT</DataType></Attr>
			<Attr><Name>annote</Name><DataType>TEXT</DataType></Attr>
			<PrimaryKey><Attr>inprocID</Attr></PrimaryKey>
		</Relation>
		<Relation name="Article">
			<Attr><Name>articleID</Name><DataType>TEXT</DataType></Attr>
			<Attr><Name>title</Name><DataType>TEXT</DataType></Attr>
			<Attr><Name>journal</Name><DataType>TEXT</DataType></Attr>
			<Attr><Name>year</Name><DataType>INT</DataType></Attr>
			<Attr><Name>month</Name><DataType>TEXT</DataType></Attr>
			<Attr><Name>pages</Name><DataType>TEXT</DataType></Attr>
			<Attr><Name>vol</Name><DataType>INT</DataType></Attr>
			<Attr><Name>num</Name><DataType>INT</DataType></Attr>
			<Attr><Name>loc</Name><DataType>TEXT</DataType></Attr>
			<Attr><Name>class</Name><DataType>TEXT</DataType></Attr>
			<Attr><Name>note</Name><DataType>TEXT</DataType></Attr>
			<Attr><Name>annote</Name><DataType>TEXT</DataType></Attr>
			<PrimaryKey><Attr>articleID</Attr></PrimaryKey>
		</Relation>
		<Relation name="TechReport">
			<Attr><Name>techID</Name><DataType>TEXT</DataType></Attr>
			<Attr><Name>title</Name><DataType>TEXT</DataType></Attr>
			<Attr><Name>inst</Name><DataType>TEXT</DataType></Attr>
			<Attr><Name>year</Name><DataType>INT</DataType></Attr>
			<Attr><Name>month</Name><DataType>TEXT</DataType></Attr>
			<Attr><Name>pages</Name><DataType>TEXT</DataType></Attr>
			<Attr><Name>vol</Name><DataType>INT</DataType></Attr>
			<Attr><Name>num</Name><DataType>INT</DataType></Attr>
			<Attr><Name>loc</Name><DataType>TEXT</DataType></Attr>
			<Attr><Name>class</Name><DataType>TEXT</DataType></Attr>
			<Attr><Name>note</Name><DataType>TEXT</DataType></Attr>
			<Attr><Name>annote</Name><DataType>TEXT</DataType></Attr>
			<PrimaryKey><Attr>techID</Attr></PrimaryKey>
		</Relation>
		<Relation name="Book">
			<Attr><Name>bookID</Name><DataType>TEXT</DataType></Attr>
			<Attr><Name>title</Name><DataType>TEXT</DataType></Attr>
			<Attr><Name>publisher</Name><DataType>TEXT</DataType></Attr>
			<Attr><Name>year</Name><DataType>INT</DataType></Attr>
			<Attr><Name>month</Name><DataType>TEXT</DataType></Attr>
			<Attr><Name>pages</Name><DataType>TEXT</DataType></Attr>
			<Attr><Name>vol</Name><DataType>INT</DataType></Attr>
			<Attr><Name>num</Name><DataType>INT</DataType></Attr>
			<Attr><Name>loc</Name><DataType>TEXT</DataType></Attr>
			<Attr><Name>class</Name><DataType>TEXT</DataType></Attr>
			<Attr><Name>note</Name><DataType>TEXT</DataType></Attr>
			<Attr><Name>annote</Name><DataType>TEXT</DataType></Attr>
			<PrimaryKey><Attr>bookID</Attr></PrimaryKey>
		</Relation>
		<Relation name="InCollection">
			<Attr><Name>collID</Name><DataType>TEXT</DataType></Attr>
			<Attr><Name>title</Name><DataType>TEXT</DataType></Attr>
			<Attr><Name>bktitle</Name><DataType>TEXT</DataType></Attr>
			<Attr><Name>year</Name><DataType>INT</DataType></Attr>
			<Attr><Name>month</Name><DataType>TEXT</DataType></Attr>
			<Attr><Name>pages</Name><DataType>TEXT</DataType></Attr>
			<Attr><Name>vol</Name><DataType>INT</DataType></Attr>
			<Attr><Name>num</Name><DataType>INT</DataType></Attr>
			<Attr><Name>loc</Name><DataType>TEXT</DataType></Attr>
			<Attr><Name>class</Name><DataType>TEXT</DataType></Attr>
			<Attr><Name>note</Name><DataType>TEXT</DataType></Attr>
			<Attr><Name>annote</Name><DataType>TEXT</DataType></Attr>
			<PrimaryKey><Attr>collID</Attr></PrimaryKey>
		</Relation>
		<Relation name="Misc">
			<Attr><Name>miscID</Name><DataType>TEXT</DataType></Attr>
			<Attr><Name>title</Name><DataType>TEXT</DataType></Attr>
			<Attr><Name>howpub</Name><DataType>TEXT</DataType></Attr>
			<Attr><Name>confloc</Name><DataType>TEXT</DataType></Attr>
			<Attr><Name>year</Name><DataType>INT</DataType></Attr>
			<Attr><Name>month</Name><DataType>TEXT</DataType></Attr>
			<Attr><Name>pages</Name><DataType>TEXT</DataType></Attr>
			<Attr><Name>vol</Name><DataType>INT</DataType></Attr>
			<Attr><Name>num</Name><DataType>INT</DataType></Attr>
			<Attr><Name>loc</Name><DataType>TEXT</DataType></Attr>
			<Attr><Name>class</Name><DataType>TEXT</DataType></Attr>
			<Attr><Name>note</Name><DataType>TEXT</DataType></Attr>
			<Attr><Name>annote</Name><DataType>TEXT</DataType></Attr>
			<PrimaryKey><Attr>miscID</Attr></PrimaryKey>
		</Relation>
		<Relation name="Manual">
			<Attr><Name>manID</Name><DataType>TEXT</DataType></Attr>
			<Attr><Name>title</Name><DataType>TEXT</DataType></Attr>
			<Attr><Name>org</Name><DataType>TEXT</DataType></Attr>
			<Attr><Name>year</Name><DataType>INT</DataType></Attr>
			<Attr><Name>month</Name><DataType>TEXT</DataType></Attr>
			<Attr><Name>pages</Name><DataType>TEXT</DataType></Attr>
			<Attr><Name>vol</Name><DataType>INT</DataType></Attr>
			<Attr><Name>num</Name><DataType>INT</DataType></Attr>
			<Attr><Name>loc</Name><DataType>TEXT</DataType></Attr>
			<Attr><Name>class</Name><DataType>TEXT</DataType></Attr>
			<Attr><Name>note</Name><DataType>TEXT</DataType></Attr>
			<Attr><Name>annote</Name><DataType>TEXT</DataType></Attr>
			<PrimaryKey><Attr>manID</Attr></PrimaryKey>
		</Relation>
		
<!--  ****************** Author table ************************** -->		
		
		<Relation name="Author">
			<Attr><Name>AuthID</Name><DataType>TEXT</DataType></Attr>
			<Attr><Name>name</Name><DataType>TEXT</DataType></Attr>
			<PrimaryKey><Attr>AuthID</Attr></PrimaryKey>
		</Relation>
		
<!--  ****************** Relationship tables ************************** -->		
		<Relation name="InprocPublished">
			<Attr><Name>inprocID</Name><DataType>TEXT</DataType></Attr>
			<Attr><Name>AuthID</Name><DataType>TEXT</DataType></Attr>
			<PrimaryKey><Attr>inprocID</Attr><Attr>AuthID</Attr></PrimaryKey>
		</Relation>		
		<Relation name="ArticlePublished">
			<Attr><Name>articleID</Name><DataType>TEXT</DataType></Attr>
			<Attr><Name>AuthID</Name><DataType>TEXT</DataType></Attr>
			<PrimaryKey><Attr>articleID</Attr><Attr>AuthID</Attr></PrimaryKey>
		</Relation>		
		<Relation name="TechPublished">
			<Attr><Name>techID</Name><DataType>TEXT</DataType></Attr>
			<Attr><Name>AuthID</Name><DataType>TEXT</DataType></Attr>
			<PrimaryKey><Attr>techID</Attr><Attr>AuthID</Attr></PrimaryKey>
		</Relation>		
		<Relation name="BookPublished">
			<Attr><Name>bookID</Name><DataType>TEXT</DataType></Attr>
			<Attr><Name>AuthID</Name><DataType>TEXT</DataType></Attr>
			<PrimaryKey><Attr>bookID</Attr><Attr>AuthID</Attr></PrimaryKey>
		</Relation>
		<Relation name="InCollPublished">
			<Attr><Name>collID</Name><DataType>TEXT</DataType></Attr>
			<Attr><Name>AuthID</Name><DataType>TEXT</DataType></Attr>
			<PrimaryKey><Attr>collID</Attr><Attr>AuthID</Attr></PrimaryKey>
		</Relation>		
		<Relation name="MiscPublished">
			<Attr><Name>miscID</Name><DataType>TEXT</DataType></Attr>
			<Attr><Name>AuthID</Name><DataType>TEXT</DataType></Attr>
			<PrimaryKey><Attr>miscID</Attr><Attr>AuthID</Attr></PrimaryKey>
		</Relation>		
		<Relation name="ManualPublished">
			<Attr><Name>manID</Name><DataType>TEXT</DataType></Attr>
			<Attr><Name>AuthID</Name><DataType>TEXT</DataType></Attr>
			<PrimaryKey><Attr>manID</Attr><Attr>AuthID</Attr></PrimaryKey>
		</Relation>		

<!--  ****************** Foreign Keys ************************** -->	
		<ForeignKey id="inprocPub">
			<From tableref="InprocPublished"><Attr>inprocID</Attr></From>
			<To tableref="InProceedings"><Attr>inprocID</Attr></To>
		</ForeignKey>
		<ForeignKey id="inprocAuthor">
			<From tableref="InprocPublished"><Attr>AuthID</Attr></From>
			<To tableref="Author"><Attr>AuthID</Attr></To>
		</ForeignKey>

		<ForeignKey id="articlePub">
			<From tableref="ArticlePublished"><Attr>articleID</Attr></From>
			<To tableref="Article"><Attr>articleID</Attr></To>
		</ForeignKey>
		<ForeignKey id="articleAuthor">
			<From tableref="ArticlePublished"><Attr>AuthID</Attr></From>
			<To tableref="Author"><Attr>AuthID</Attr></To>
		</ForeignKey>

		<ForeignKey id="techPub">
			<From tableref="TechPublished"><Attr>techID</Attr></From>
			<To tableref="TechReport"><Attr>techID</Attr></To>
		</ForeignKey>
		<ForeignKey id="techAuthor">
			<From tableref="TechPublished"><Attr>AuthID</Attr></From>
			<To tableref="Author"><Attr>AuthID</Attr></To>
		</ForeignKey>

		<ForeignKey id="bookPub">
			<From tableref="BookPublished"><Attr>bookID</Attr></From>
			<To tableref="Book"><Attr>bookID</Attr></To>
		</ForeignKey>
		<ForeignKey id="bookAuthor">
			<From tableref="BookPublished"><Attr>AuthID</Attr></From>
			<To tableref="Author"><Attr>AuthID</Attr></To>
		</ForeignKey>		
		
		<ForeignKey id="incollPub">
			<From tableref="InCollPublished"><Attr>collID</Attr></From>
			<To tableref="InCollection"><Attr>collID</Attr></To>
		</ForeignKey>
		<ForeignKey id="incollAuthor">
			<From tableref="BookPublished"><Attr>AuthID</Attr></From>
			<To tableref="Author"><Attr>AuthID</Attr></To>
		</ForeignKey>		
				
		<ForeignKey id="miscPub">
			<From tableref="MiscPublished"><Attr>miscID</Attr></From>
			<To tableref="Misc"><Attr>miscID</Attr></To>
		</ForeignKey>
		<ForeignKey id="miscAuthor">
			<From tableref="MiscPublished"><Attr>AuthID</Attr></From>
			<To tableref="Author"><Attr>AuthID</Attr></To>
		</ForeignKey>				

		<ForeignKey id="manualPub">
			<From tableref="ManualPublished"><Attr>manID</Attr></From>
			<To tableref="Manual"><Attr>manID</Attr></To>
		</ForeignKey>
		<ForeignKey id="manualAuthor">
			<From tableref="ManualPublished"><Attr>AuthID</Attr></From>
			<To tableref="Author"><Attr>AuthID</Attr></To>
		</ForeignKey>					


	</SourceSchema>
	<TargetSchema>

<!--  ****************** Publication type tables ************************** -->	
		<Relation name="allBibs">
			<Attr><Name>citKey</Name><DataType>TEXT</DataType></Attr>
			<PrimaryKey><Attr>citKey</Attr></PrimaryKey>
		</Relation>

		<Relation name="citForm">
			<Attr><Name>citKey</Name><DataType>TEXT</DataType></Attr>
			<Attr><Name>form</Name><DataType>TEXT</DataType></Attr>
			<PrimaryKey><Attr>citKey</Attr></PrimaryKey>
		</Relation>

		<Relation name="authors">
			<Attr><Name>citKey</Name><DataType>TEXT</DataType></Attr>
			<Attr><Name>authNm</Name><DataType>TEXT</DataType></Attr>
			<PrimaryKey><Attr>citKey</Attr><Attr>authNm</Attr></PrimaryKey>
		</Relation>

		<Relation name="editors">
			<Attr><Name>citKey</Name><DataType>TEXT</DataType></Attr>
			<Attr><Name>edNm</Name><DataType>TEXT</DataType></Attr>
			<PrimaryKey><Attr>citKey</Attr><Attr>edNm</Attr></PrimaryKey>
		</Relation>

		<Relation name="titles">
			<Attr><Name>citKey</Name><DataType>TEXT</DataType></Attr>
			<Attr><Name>title</Name><DataType>TEXT</DataType></Attr>
			<PrimaryKey><Attr>citKey</Attr></PrimaryKey>
		</Relation>


		<Relation name="schools">
			<Attr><Name>citKey</Name><DataType>TEXT</DataType></Attr>
			<Attr><Name>schoolNm</Name><DataType>TEXT</DataType></Attr>
			<PrimaryKey><Attr>citKey</Attr></PrimaryKey>
		</Relation>

		<Relation name="institutions">
			<Attr><Name>citKey</Name><DataType>TEXT</DataType></Attr>
			<Attr><Name>institNm</Name><DataType>TEXT</DataType></Attr>
			<PrimaryKey><Attr>citKey</Attr></PrimaryKey>
		</Relation>

		<Relation name="addresses">
			<Attr><Name>citKey</Name><DataType>TEXT</DataType></Attr>
			<Attr><Name>address</Name><DataType>TEXT</DataType></Attr>
			<PrimaryKey><Attr>citKey</Attr></PrimaryKey>
		</Relation>

		<Relation name="types">
			<Attr><Name>citKey</Name><DataType>TEXT</DataType></Attr>
			<Attr><Name>type</Name><DataType>TEXT</DataType></Attr>
			<PrimaryKey><Attr>citKey</Attr></PrimaryKey>
		</Relation>

		<Relation name="ISBN">
			<Attr><Name>citKey</Name><DataType>TEXT</DataType></Attr>
			<Attr><Name>isbnNum</Name><DataType>TEXT</DataType></Attr>
			<PrimaryKey><Attr>citKey</Attr></PrimaryKey>
		</Relation>

		<Relation name="notes">
			<Attr><Name>citKey</Name><DataType>TEXT</DataType></Attr>
			<Attr><Name>note</Name><DataType>TEXT</DataType></Attr>
			<PrimaryKey><Attr>citKey</Attr><Attr>note</Attr></PrimaryKey>
		</Relation>

		<Relation name="volumes">
			<Attr><Name>citKey</Name><DataType>TEXT</DataType></Attr>
			<Attr><Name>volNum</Name><DataType>TEXT</DataType></Attr>
			<PrimaryKey><Attr>citKey</Attr></PrimaryKey>
		</Relation>

		<Relation name="numbers">
			<Attr><Name>citKey</Name><DataType>TEXT</DataType></Attr>
			<Attr><Name>num</Name><DataType>TEXT</DataType></Attr>
			<PrimaryKey><Attr>citKey</Attr></PrimaryKey>
		</Relation>

		<Relation name="months">
			<Attr><Name>citKey</Name><DataType>TEXT</DataType></Attr>
			<Attr><Name>mon</Name><DataType>TEXT</DataType></Attr>
			<PrimaryKey><Attr>citKey</Attr></PrimaryKey>
		</Relation>

		<Relation name="years">
			<Attr><Name>citKey</Name><DataType>TEXT</DataType></Attr>
			<Attr><Name>yr</Name><DataType>TEXT</DataType></Attr>
			<PrimaryKey><Attr>citKey</Attr></PrimaryKey>
		</Relation>

		<Relation name="pages">
			<Attr><Name>citKey</Name><DataType>TEXT</DataType></Attr>
			<Attr><Name>pgRange</Name><DataType>TEXT</DataType></Attr>
			<PrimaryKey><Attr>citKey</Attr></PrimaryKey>
		</Relation>

		<Relation name="abstracts">
			<Attr><Name>citKey</Name><DataType>TEXT</DataType></Attr>
			<Attr><Name>txt</Name><DataType>TEXT</DataType></Attr>
			<PrimaryKey><Attr>citKey</Attr></PrimaryKey>
		</Relation>

		<Relation name="publisher">
			<Attr><Name>pubNm</Name><DataType>TEXT</DataType></Attr>
			<Attr><Name>pubID</Name><DataType>INT</DataType></Attr>
			<PrimaryKey><Attr>pubID</Attr></PrimaryKey>
		</Relation>

		<Relation name="citPublisher">
			<Attr><Name>citKey</Name><DataType>TEXT</DataType></Attr>
			<Attr><Name>pubID</Name><DataType>INT</DataType></Attr>
			<PrimaryKey><Attr>citKey</Attr><Attr>pubID</Attr></PrimaryKey>
		</Relation>

		<Relation name="journal">
			<Attr><Name>jrnlNm</Name><DataType>TEXT</DataType></Attr>
			<Attr><Name>jrnlID</Name><DataType>INT</DataType></Attr>
			<PrimaryKey><Attr>jrnlID</Attr></PrimaryKey>
		</Relation>

		<Relation name="citJournal">
			<Attr><Name>citKey</Name><DataType>TEXT</DataType></Attr>
			<Attr><Name>jrnlID</Name><DataType>INT</DataType></Attr>
			<PrimaryKey><Attr>citKey</Attr><Attr>jrnlID</Attr></PrimaryKey>
		</Relation>

		<Relation name="series">
			<Attr><Name>seriesNm</Name><DataType>TEXT</DataType></Attr>
			<Attr><Name>seriesID</Name><DataType>INT</DataType></Attr>
			<PrimaryKey><Attr>seriesID</Attr></PrimaryKey>
		</Relation>

		<Relation name="citSeries">
			<Attr><Name>citKey</Name><DataType>TEXT</DataType></Attr>
			<Attr><Name>seriesID</Name><DataType>INT</DataType></Attr>
			<PrimaryKey><Attr>citKey</Attr><Attr>seriesID</Attr></PrimaryKey>
		</Relation>

		<Relation name="booktitle">
			<Attr><Name>bkTitleNm</Name><DataType>TEXT</DataType></Attr>
			<Attr><Name>bktitleID</Name><DataType>INT</DataType></Attr>
			<PrimaryKey><Attr>bktitleID</Attr></PrimaryKey>
		</Relation>

		<Relation name="citBkTitle">
			<Attr><Name>citKey</Name><DataType>TEXT</DataType></Attr>
			<Attr><Name>bktitleID</Name><DataType>INT</DataType></Attr>
			<PrimaryKey><Attr>citKey</Attr><Attr>bktitleID</Attr></PrimaryKey>
		</Relation>

		<Relation name="keyWord">
			<Attr><Name>word</Name><DataType>TEXT</DataType></Attr>
			<Attr><Name>keyWdID</Name><DataType>INT</DataType></Attr>
			<PrimaryKey><Attr>keyWdID</Attr></PrimaryKey>
		</Relation>

		<Relation name="citKeyWord">
			<Attr><Name>citKey</Name><DataType>TEXT</DataType></Attr>
			<Attr><Name>keyWdID</Name><DataType>INT</DataType></Attr>
			<PrimaryKey><Attr>citKey</Attr><Attr>keyWdID</Attr></PrimaryKey>
		</Relation>
		
		

<!--  ****************** Foreign Keys ************************** -->	

	<ForeignKey id="citFormToAllBib">
			<From tableref="citForm"><Attr>citKey</Attr></From>
			<To tableref="allBibs"><Attr>citKey</Attr></To>
	</ForeignKey>
	
	<ForeignKey id="authorssToAllBib">
			<From tableref="authors"><Attr>citKey</Attr></From>
			<To tableref="allBibs"><Attr>citKey</Attr></To>
	</ForeignKey>
	
	<ForeignKey id="editorsToAllBib">
			<From tableref="editors"><Attr>citKey</Attr></From>
			<To tableref="allBibs"><Attr>citKey</Attr></To>
	</ForeignKey>
	
	
	<ForeignKey id="titlesToAllBib">
			<From tableref="titles"><Attr>citKey</Attr></From>
			<To tableref="allBibs"><Attr>citKey</Attr></To>
	</ForeignKey>
	
	<ForeignKey id="schoolsToAllBib">
			<From tableref="schools"><Attr>citKey</Attr></From>
			<To tableref="allBibs"><Attr>citKey</Attr></To>
	</ForeignKey>
	
	<ForeignKey id="institutionsToAllBib">
			<From tableref="institutions"><Attr>citKey</Attr></From>
			<To tableref="allBibs"><Attr>citKey</Attr></To>
	</ForeignKey>
	
	<ForeignKey id="addressesToAllBib">
			<From tableref="addresses"><Attr>citKey</Attr></From>
			<To tableref="allBibs"><Attr>citKey</Attr></To>
	</ForeignKey>
	
	<ForeignKey id="typesToAllBib">
			<From tableref="types"><Attr>citKey</Attr></From>
			<To tableref="allBibs"><Attr>citKey</Attr></To>
	</ForeignKey>
	
	<ForeignKey id="ISBNToAllBib">
			<From tableref="ISBN"><Attr>citKey</Attr></From>
			<To tableref="allBibs"><Attr>citKey</Attr></To>
	</ForeignKey>
	
	<ForeignKey id="notesToAllBib">
			<From tableref="notes"><Attr>citKey</Attr></From>
			<To tableref="allBibs"><Attr>citKey</Attr></To>
	</ForeignKey>
	
	<ForeignKey id="volumesToAllBib">
			<From tableref="volumes"><Attr>citKey</Attr></From>
			<To tableref="allBibs"><Attr>citKey</Attr></To>
	</ForeignKey>
	
	<ForeignKey id="numbersToAllBib">
			<From tableref="numbers"><Attr>citKey</Attr></From>
			<To tableref="allBibs"><Attr>citKey</Attr></To>
	</ForeignKey>

	<ForeignKey id="monthsToAllBib">
			<From tableref="months"><Attr>citKey</Attr></From>
			<To tableref="allBibs"><Attr>citKey</Attr></To>
	</ForeignKey>

	<ForeignKey id="yearsToAllBib">
			<From tableref="years"><Attr>citKey</Attr></From>
			<To tableref="allBibs"><Attr>citKey</Attr></To>
	</ForeignKey>

	<ForeignKey id="pagesToAllBib">
			<From tableref="pages"><Attr>citKey</Attr></From>
			<To tableref="allBibs"><Attr>citKey</Attr></To>
	</ForeignKey>

	<ForeignKey id="abstractsToAllBib">
			<From tableref="abstracts"><Attr>citKey</Attr></From>
			<To tableref="allBibs"><Attr>citKey</Attr></To>
	</ForeignKey>
	
	<ForeignKey id="citPublisherToAllBib">
			<From tableref="citPublisher"><Attr>citKey</Attr></From>
			<To tableref="allBibs"><Attr>citKey</Attr></To>
	</ForeignKey>
	<ForeignKey id="citPublisherToPublisher">
			<From tableref="citPublisher"><Attr>pubID</Attr></From>
			<To tableref="publisher"><Attr>pubID</Attr></To>
	</ForeignKey>

	<ForeignKey id="citJournalToAllBib">
			<From tableref="citJournal"><Attr>citKey</Attr></From>
			<To tableref="allBibs"><Attr>citKey</Attr></To>
	</ForeignKey>
	<ForeignKey id="citJournalToJournal">
			<From tableref="citJournal"><Attr>jrnlID</Attr></From>
			<To tableref="journal"><Attr>jrnlID</Attr></To>
	</ForeignKey>

	<ForeignKey id="citSeriesToAllBib">
			<From tableref="citSeries"><Attr>citKey</Attr></From>
			<To tableref="allBibs"><Attr>citKey</Attr></To>
	</ForeignKey>
	<ForeignKey id="citSeriesToSeries">
			<From tableref="citSeries"><Attr>seriesID</Attr></From>
			<To tableref="series"><Attr>seriesID</Attr></To>
	</ForeignKey>

	<ForeignKey id="citBkTitleToAllBib">
			<From tableref="citBkTitle"><Attr>citKey</Attr></From>
			<To tableref="allBibs"><Attr>citKey</Attr></To>
	</ForeignKey>
	<ForeignKey id="citBkTitleToBooktitle">
			<From tableref="citBkTitle"><Attr>bktitleID</Attr></From>
			<To tableref="booktitle"><Attr>bktitleID</Attr></To>
	</ForeignKey>	

	<ForeignKey id="citKeyWordToAllBib">
			<From tableref="citKeyWord"><Attr>citKey</Attr></From>
			<To tableref="allBibs"><Attr>citKey</Attr></To>
	</ForeignKey>
	<ForeignKey id="citKeyWordToKeyWord">
			<From tableref="citKeyWord"><Attr>keyWdID</Attr></From>
			<To tableref="keyWord"><Attr>keyWdID</Attr></To>
	</ForeignKey>	

	</TargetSchema>
</Schemas>
<Mappings>
<!-- 
InProceedings(inprocID, title, bktitle, year, month, pages, vol, num, loc, class, note, annote) & InprocPublished(inprocID, authId) & Author(authId, authName) 
-> 
authors(SK1(inprocID), authName) & allBibs(SK1(inprocID)) & addresses(SK1(inprocID), loc) & titles(SK1(inprocID), title) & citBkTitle(SK1(inprocID), SK2(bktitle)) & booktitle(SK2(bktitle), bktitle) & years(SK1(inprocID), year) & months(SK1(inprocID), month) & pages(SK1(inprocID), pages) & volumes(SK1(inprocID), vol) & numbers(SK1(inprocID), num) & notes(SK1(inprocID), note) & notes(SK1(inprocID), annote)
-->

	<Mapping id="M1">
		<Foreach>
			<Atom tableref="InProceedings">
			  <Var>inprocID</Var>
			  <Var>title</Var>
			  <Var>bktitle</Var>
			  <Var>year</Var>
			  <Var>month</Var>
			  <Var>pages</Var>
			  <Var>vol</Var>
			  <Var>num</Var>
			  <Var>loc</Var>
			  <Var>class</Var>
			  <Var>note</Var>
			  <Var>annote</Var>
			</Atom>
			<Atom tableref="InprocPublished">
			  <Var>inprocID</Var>
			  <Var>authId</Var>
			</Atom>
			<Atom tableref="Author">
			  <Var>authId</Var>
			  <Var>authName</Var>
			</Atom>
		</Foreach>
		<Exists>
			<Atom tableref="authors">
				<!--  ckey -->
				<SKFunction skname="SK1">
					<Var>inprocID</Var>
				</SKFunction>
				<Var>authName</Var>
			</Atom>
			<Atom tableref="allBibs">
				<!--  ckey -->
				<SKFunction skname="SK1">
					<Var>inprocID</Var>
				</SKFunction>
			</Atom>
			<Atom tableref="addresses">
				<!--  ckey -->
				<SKFunction skname="SK1">
					<Var>inprocID</Var>
				</SKFunction>
				<Var>loc</Var>
			</Atom>
			<Atom tableref="titles">
				<!--  ckey -->
				<SKFunction skname="SK1">
					<Var>inprocID</Var>
				</SKFunction>
				<Var>title</Var>
			</Atom>
			<Atom tableref="citBkTitle">
				<!--  ckey -->
				<SKFunction skname="SK1">
					<Var>inprocID</Var>
				</SKFunction>
				<!--  bktitleid -->
				<SKFunction skname="SK2">
					<Var>bktitle</Var>
				</SKFunction>
			</Atom>
			<Atom tableref="booktitle">
				<!--  bktitleid -->
				<SKFunction skname="SK2">
					<Var>bktitle</Var>
				</SKFunction>
				<Var>bktitle</Var>
			</Atom>
			<Atom tableref="years">
				<!--  ckey -->
				<SKFunction skname="SK1">
					<Var>inprocID</Var>
				</SKFunction>
				<Var>year</Var>
			</Atom>
			<Atom tableref="months">
				<!--  ckey -->
				<SKFunction skname="SK1">
					<Var>inprocID</Var>
				</SKFunction>
				<Var>month</Var>
			</Atom>
			<Atom tableref="pages">
				<!--  ckey -->
				<SKFunction skname="SK1">
					<Var>inprocID</Var>
				</SKFunction>
				<Var>pages</Var>
			</Atom>
			<Atom tableref="volumes">
				<!--  ckey -->
				<SKFunction skname="SK1">
					<Var>inprocID</Var>
				</SKFunction>
				<Var>vol</Var>
			</Atom>
			<Atom tableref="numbers">
				<!--  ckey -->
				<SKFunction skname="SK1">
					<Var>inprocID</Var>
				</SKFunction>
				<Var>num</Var>
			</Atom>

			<Atom tableref="notes">
				<!--  ckey -->
				<SKFunction skname="SK1">
					<Var>inprocID</Var>
				</SKFunction>
				<Var>note</Var>
			</Atom>

			<Atom tableref="notes">
				<!--  ckey -->
				<SKFunction skname="SK1">
					<Var>inprocID</Var>
				</SKFunction>
				<Var>annote</Var>
			</Atom>


		</Exists>
	</Mapping>

<!-- 
Article(articleID, title, journal, year, month, pages, vol, num, loc, class, note, annote) & ArticlePublished(articleID, authId) & Author(authId, authName) 
-> 
authors(SK3(articleID), authName) & allBibs(SK3(articleID)) & addresses(SK3(articleID), loc) & titles(SK3(articleID), title) & citJournal(SK3(articleID), SK4(journal)) & journal(SK4(journal), journal) & years(SK3(articleID), year) & months(SK3(articleID), month) & pages(SK3(articleID), pages) & volumes(SK3(articleID), vol) & numbers(SK3(articleID), num) & notes(SK3(articleID), note) & notes(SK3(articleID), annote)
-->

	<Mapping id="M2">
		<Foreach>
			<Atom tableref="Article">
			  <Var>articleID</Var>
			  <Var>title</Var>
			  <Var>journal</Var>
			  <Var>year</Var>
			  <Var>month</Var>
			  <Var>pages</Var>
			  <Var>vol</Var>
			  <Var>num</Var>
			  <Var>loc</Var>
			  <Var>class</Var>
			  <Var>note</Var>
			  <Var>annote</Var>
			</Atom>
			<Atom tableref="ArticlePublished">
			  <Var>articleID</Var>
			  <Var>authId</Var>
			</Atom>
			<Atom tableref="Author">
			  <Var>authId</Var>
			  <Var>authName</Var>
			</Atom>
		</Foreach>
		<Exists>
			<Atom tableref="authors">
				<!--  ckey -->
				<SKFunction skname="SK3">
					<Var>articleID</Var>
				</SKFunction>
				<Var>authName</Var>
			</Atom>
			<Atom tableref="allBibs">
				<!--  ckey -->
				<SKFunction skname="SK3">
					<Var>articleID</Var>
				</SKFunction>
			</Atom>
			<Atom tableref="addresses">
				<!--  ckey -->
				<SKFunction skname="SK3">
					<Var>articleID</Var>
				</SKFunction>
				<Var>loc</Var>
			</Atom>
			<Atom tableref="titles">
				<!--  ckey -->
				<SKFunction skname="SK3">
					<Var>articleID</Var>
				</SKFunction>
				<Var>title</Var>
			</Atom>
			<Atom tableref="citJournal">
				<!--  ckey -->
				<SKFunction skname="SK3">
					<Var>articleID</Var>
				</SKFunction>
				<!--  journalid -->
				<SKFunction skname="SK4">
					<Var>journal</Var>
				</SKFunction>
			</Atom>
			<Atom tableref="journal">
				<!--  journalID -->
				<SKFunction skname="SK4">
					<Var>journal</Var>
				</SKFunction>
				<Var>journal</Var>
			</Atom>
			<Atom tableref="years">
				<!--  ckey -->
				<SKFunction skname="SK3">
					<Var>articleID</Var>
				</SKFunction>
				<Var>year</Var>
			</Atom>
			<Atom tableref="months">
				<!--  ckey -->
				<SKFunction skname="SK3">
					<Var>articleID</Var>
				</SKFunction>
				<Var>month</Var>
			</Atom>
			<Atom tableref="pages">
				<!--  ckey -->
				<SKFunction skname="SK3">
					<Var>articleID</Var>
				</SKFunction>
				<Var>pages</Var>
			</Atom>
			<Atom tableref="volumes">
				<!--  ckey -->
				<SKFunction skname="SK3">
					<Var>articleID</Var>
				</SKFunction>
				<Var>vol</Var>
			</Atom>
			<Atom tableref="numbers">
				<!--  ckey -->
				<SKFunction skname="SK3">
					<Var>articleID</Var>
				</SKFunction>
				<Var>num</Var>
			</Atom>

			<Atom tableref="notes">
				<!--  ckey -->
				<SKFunction skname="SK3">
					<Var>articleID</Var>
				</SKFunction>
				<Var>note</Var>
			</Atom>

			<Atom tableref="notes">
				<!--  ckey -->
				<SKFunction skname="SK3">
					<Var>articleID</Var>
				</SKFunction>
				<Var>annote</Var>
			</Atom>


		</Exists>
	</Mapping>

<!--
TechReport(techID, title, inst, year, month, pages, vol, num, loc, class, note, annote) & TechPublished(techID, authId) & Author(authId, authName) 
-> 
authors(SK5(techID), authName) & allBibs(SK5(techID)) & addresses(SK5(techID), loc) & titles(SK5(techID), title) & institutions(SK5(techID), inst) & years(SK5(techID), year) & months(SK5(techID), month) & pages(SK5(techID), pages) & volumes(SK5(techID), vol) & numbers(SK5(techID), num) & notes(SK5(techID), note) & notes(SK5(techID), annote)
-->

	<Mapping id="M3">
		<Foreach>
			<Atom tableref="TechReport">
			  <Var>techID</Var>
			  <Var>title</Var>
			  <Var>inst</Var>
			  <Var>year</Var>
			  <Var>month</Var>
			  <Var>pages</Var>
			  <Var>vol</Var>
			  <Var>num</Var>
			  <Var>loc</Var>
			  <Var>class</Var>
			  <Var>note</Var>
			  <Var>annote</Var>
			</Atom>
			<Atom tableref="TechPublished">
			  <Var>techID</Var>
			  <Var>authId</Var>
			</Atom>
			<Atom tableref="Author">
			  <Var>authId</Var>
			  <Var>authName</Var>
			</Atom>
		</Foreach>
		<Exists>
			<Atom tableref="authors">
				<!--  ckey -->
				<SKFunction skname="SK5">
					<Var>techID</Var>
				</SKFunction>
				<Var>authName</Var>
			</Atom>
			<Atom tableref="allBibs">
				<!--  ckey -->
				<SKFunction skname="SK5">
					<Var>techID</Var>
				</SKFunction>
			</Atom>
			<Atom tableref="addresses">
				<!--  ckey -->
				<SKFunction skname="SK5">
					<Var>techID</Var>
				</SKFunction>
				<Var>loc</Var>
			</Atom>
			<Atom tableref="titles">
				<!--  ckey -->
				<SKFunction skname="SK5">
					<Var>techID</Var>
				</SKFunction>
				<Var>title</Var>
			</Atom>
			<Atom tableref="institutions">
				<!--  journalID -->
				<SKFunction skname="SK5">
					<Var>techID</Var>
				</SKFunction>
				<Var>inst</Var>
			</Atom>
			<Atom tableref="years">
				<!--  ckey -->
				<SKFunction skname="SK5">
					<Var>techID</Var>
				</SKFunction>
				<Var>year</Var>
			</Atom>
			<Atom tableref="months">
				<!--  ckey -->
				<SKFunction skname="SK5">
					<Var>techID</Var>
				</SKFunction>
				<Var>month</Var>
			</Atom>
			<Atom tableref="pages">
				<!--  ckey -->
				<SKFunction skname="SK5">
					<Var>techID</Var>
				</SKFunction>
				<Var>pages</Var>
			</Atom>
			<Atom tableref="volumes">
				<!--  ckey -->
				<SKFunction skname="SK5">
					<Var>techID</Var>
				</SKFunction>
				<Var>vol</Var>
			</Atom>
			<Atom tableref="numbers">
				<!--  ckey -->
				<SKFunction skname="SK5">
					<Var>techID</Var>
				</SKFunction>
				<Var>num</Var>
			</Atom>

			<Atom tableref="notes">
				<!--  ckey -->
				<SKFunction skname="SK5">
					<Var>techID</Var>
				</SKFunction>
				<Var>note</Var>
			</Atom>

			<Atom tableref="notes">
				<!--  ckey -->
				<SKFunction skname="SK5">
					<Var>techID</Var>
				</SKFunction>
				<Var>annote</Var>
			</Atom>


		</Exists>
	</Mapping>

<!--
Book(bookID, title, publisher, year, month, pages, vol, num, loc, class, note, annote) & BookPublished(bookID, authId) & Author(authId, authName) 
-> 
authors(SK6(bookID), authName) & allBibs(SK6(bookID)) & addresses(SK6(bookID), loc) & titles(SK6(bookID), title) & citPublisher(SK6(bookID), SK7(publisher)) & publisher(SK7(publisher), publisher) & years(SK6(bookID), year) & months(SK6(bookID), month) & pages(SK6(bookID), pages) & volumes(SK6(bookID), vol) & numbers(SK6(bookID), num) & notes(SK6(bookID), note) & notes(SK6(bookID), annote)
-->

	<Mapping id="M4">
		<Foreach>
			<Atom tableref="Book">
			<Var>bookID</Var>
			<Var>title</Var>
			<Var>publisher</Var>
			<Var>year</Var>
			<Var>month</Var>
			<Var>pages</Var>
			<Var>vol</Var>
			<Var>num</Var>
			<Var>loc</Var>
			<Var>class</Var>
			<Var>note</Var>
			<Var>annote</Var>
			</Atom>
			<Atom tableref="BookPublished">
			  <Var>bookID</Var>
			  <Var>authId</Var>
			</Atom>
			<Atom tableref="Author">
			  <Var>authId</Var>
			  <Var>authName</Var>
			</Atom>
		</Foreach>
		<Exists>
			<Atom tableref="authors">
				<!--  ckey -->
				<SKFunction skname="SK6">
					<Var>bookID</Var>
				</SKFunction>
				<Var>authName</Var>
			</Atom>
			<Atom tableref="allBibs">
				<!--  ckey -->
				<SKFunction skname="SK6">
					<Var>bookID</Var>
				</SKFunction>
			</Atom>
			<Atom tableref="addresses">
				<!--  ckey -->
				<SKFunction skname="SK6">
					<Var>bookID</Var>
				</SKFunction>
				<Var>loc</Var>
			</Atom>
			<Atom tableref="titles">
				<!--  ckey -->
				<SKFunction skname="SK6">
					<Var>bookID</Var>
				</SKFunction>
				<Var>title</Var>
			</Atom>
			<Atom tableref="citPublisher">
				<!--  ckey -->
				<SKFunction skname="SK6">
					<Var>bookID</Var>
				</SKFunction>
				<!--  journalid -->
				<SKFunction skname="SK7">
					<Var>publisher</Var>
				</SKFunction>
			</Atom>
			<Atom tableref="publisher">
				<!--  journalID -->
				<SKFunction skname="SK7">
					<Var>publisher</Var>
				</SKFunction>
				<Var>publisher</Var>
			</Atom>
			<Atom tableref="years">
				<!--  ckey -->
				<SKFunction skname="SK6">
					<Var>bookID</Var>
				</SKFunction>
				<Var>year</Var>
			</Atom>
			<Atom tableref="months">
				<!--  ckey -->
				<SKFunction skname="SK6">
					<Var>bookID</Var>
				</SKFunction>
				<Var>month</Var>
			</Atom>
			<Atom tableref="pages">
				<!--  ckey -->
				<SKFunction skname="SK6">
					<Var>bookID</Var>
				</SKFunction>
				<Var>pages</Var>
			</Atom>
			<Atom tableref="volumes">
				<!--  ckey -->
				<SKFunction skname="SK6">
					<Var>bookID</Var>
				</SKFunction>
				<Var>vol</Var>
			</Atom>
			<Atom tableref="numbers">
				<!--  ckey -->
				<SKFunction skname="SK6">
					<Var>bookID</Var>
				</SKFunction>
				<Var>num</Var>
			</Atom>

			<Atom tableref="notes">
				<!--  ckey -->
				<SKFunction skname="SK6">
					<Var>bookID</Var>
				</SKFunction>
				<Var>note</Var>
			</Atom>

			<Atom tableref="notes">
				<!--  ckey -->
				<SKFunction skname="SK6">
					<Var>bookID</Var>
				</SKFunction>
				<Var>annote</Var>
			</Atom>


		</Exists>
	</Mapping>

<!--
InCollection(IncollID, title, bktitle, year, month, pages, vol, num, loc, class, note, annote) & InCollPublished(IncollID, authId) & Author(authId, authName) 
-> 
authors(SK8(IncollID), authName) & allBibs(SK8(IncollID)) & addresses(SK8(IncollID), loc) & titles(SK8(IncollID), title) & citBkTitle(SK8(IncollID), SK9(bktitle)) & booktitle(SK9(bktitle), bktitle) & years(SK8(IncollID), year) & months(SK8(IncollID), month) & pages(SK8(IncollID), pages) & volumes(SK8(IncollID), vol) & numbers(SK8(IncollID), num) & notes(SK8(IncollID), note) & notes(SK8(IncollID), annote)
-->

	<Mapping id="M5">
		<Foreach>
			<Atom tableref="InCollection">
			<Var>IncollID</Var>
			<Var>title</Var>
			<Var>bktitle</Var>
			<Var>year</Var>
			<Var>month</Var>
			<Var>pages</Var>
			<Var>vol</Var>
			<Var>num</Var>
			<Var>loc</Var>
			<Var>class</Var>
			<Var>note</Var>
			<Var>annote</Var>
			</Atom>
			<Atom tableref="InCollPublished">
			  <Var>IncollID</Var>
			  <Var>authId</Var>
			</Atom>
			<Atom tableref="Author">
			  <Var>authId</Var>
			  <Var>authName</Var>
			</Atom>
		</Foreach>
		<Exists>
			<Atom tableref="authors">
				<!--  ckey -->
				<SKFunction skname="SK8">
					<Var>IncollID</Var>
				</SKFunction>
				<Var>authName</Var>
			</Atom>
			<Atom tableref="allBibs">
				<!--  ckey -->
				<SKFunction skname="SK8">
					<Var>IncollID</Var>
				</SKFunction>
			</Atom>
			<Atom tableref="addresses">
				<!--  ckey -->
				<SKFunction skname="SK8">
					<Var>IncollID</Var>
				</SKFunction>
				<Var>loc</Var>
			</Atom>

			<Atom tableref="titles">
				<!--  ckey -->
				<SKFunction skname="SK8">
					<Var>IncollID</Var>
				</SKFunction>
				<Var>title</Var>
			</Atom>
			<Atom tableref="citBkTitle">
				<!--  ckey -->
				<SKFunction skname="SK8">
					<Var>IncollID</Var>
				</SKFunction>
				<!--  bktitleid -->
				<SKFunction skname="SK9">
					<Var>bktitle</Var>
				</SKFunction>
			</Atom>
			<Atom tableref="booktitle">
				<!--  bktitleid -->
				<SKFunction skname="SK9">
					<Var>bktitle</Var>
				</SKFunction>
				<Var>bktitle</Var>
			</Atom>
			<Atom tableref="years">
				<!--  ckey -->
				<SKFunction skname="SK8">
					<Var>IncollID</Var>
				</SKFunction>
				<Var>year</Var>
			</Atom>
			<Atom tableref="months">
				<!--  ckey -->
				<SKFunction skname="SK8">
					<Var>IncollID</Var>
				</SKFunction>
				<Var>month</Var>
			</Atom>
			<Atom tableref="pages">
				<!--  ckey -->
				<SKFunction skname="SK8">
					<Var>IncollID</Var>
				</SKFunction>
				<Var>pages</Var>
			</Atom>
			<Atom tableref="volumes">
				<!--  ckey -->
				<SKFunction skname="SK8">
					<Var>IncollID</Var>
				</SKFunction>
				<Var>vol</Var>
			</Atom>
			<Atom tableref="numbers">
				<!--  ckey -->
				<SKFunction skname="SK8">
					<Var>IncollID</Var>
				</SKFunction>
				<Var>num</Var>
			</Atom>

			<Atom tableref="notes">
				<!--  ckey -->
				<SKFunction skname="SK8">
					<Var>IncollID</Var>
				</SKFunction>
				<Var>note</Var>
			</Atom>

			<Atom tableref="notes">
				<!--  ckey -->
				<SKFunction skname="SK8">
					<Var>IncollID</Var>
				</SKFunction>
				<Var>annote</Var>
			</Atom>


		</Exists>
	</Mapping>

<!--
Misc(miscID, title, howpub, confloc, year, month, pages, vol, num, loc, class, note, annote) & MiscPublished(miscID, authId) & Author(authId, authName) 
-> 
authors(SK10(miscID), authName) & allBibs(SK10(miscID)) & titles(SK10(miscID), title) & addresses(SK10(miscID), confloc) & years(SK10(miscID), year) & months(SK10(miscID), month) & pages(SK10(miscID), pages) & volumes(SK10(miscID), vol) & numbers(SK10(miscID), num) & notes(SK10(miscID), note) & notes(SK10(miscID), annote)
-->
	<Mapping id="M6">
		<Foreach>
			<Atom tableref="Misc">
			  <Var>miscID</Var>
			  <Var>title</Var>
			  <Var>howpub</Var>
			  <Var>confloc</Var>
			  <Var>year</Var>
			  <Var>month</Var>
			  <Var>pages</Var>
			  <Var>vol</Var>
			  <Var>num</Var>
			  <Var>loc</Var>
			  <Var>class</Var>
			  <Var>note</Var>
			  <Var>annote</Var>
			</Atom>
			<Atom tableref="MiscPublished">
			  <Var>miscID</Var>
			  <Var>authId</Var>
			</Atom>
			<Atom tableref="Author">
			  <Var>authId</Var>
			  <Var>authName</Var>
			</Atom>
		</Foreach>
		<Exists>
			<Atom tableref="authors">
				<!--  ckey -->
				<SKFunction skname="SK10">
					<Var>miscID</Var>
				</SKFunction>
				<Var>authName</Var>
			</Atom>
			<Atom tableref="allBibs">
				<!--  ckey -->
				<SKFunction skname="SK10">
					<Var>miscID</Var>
				</SKFunction>
			</Atom>
			<Atom tableref="titles">
				<!--  ckey -->
				<SKFunction skname="SK10">
					<Var>miscID</Var>
				</SKFunction>
				<Var>title</Var>
			</Atom>
			<Atom tableref="addresses">
				<!--  ckey -->
				<SKFunction skname="SK10">
					<Var>miscID</Var>
				</SKFunction>
				<Var>confloc</Var>
			</Atom>
			<Atom tableref="years">
				<!--  ckey -->
				<SKFunction skname="SK10">
					<Var>miscID</Var>
				</SKFunction>
				<Var>year</Var>
			</Atom>
			<Atom tableref="months">
				<!--  ckey -->
				<SKFunction skname="SK10">
					<Var>miscID</Var>
				</SKFunction>
				<Var>month</Var>
			</Atom>
			<Atom tableref="pages">
				<!--  ckey -->
				<SKFunction skname="SK10">
					<Var>miscID</Var>
				</SKFunction>
				<Var>pages</Var>
			</Atom>
			<Atom tableref="volumes">
				<!--  ckey -->
				<SKFunction skname="SK10">
					<Var>miscID</Var>
				</SKFunction>
				<Var>vol</Var>
			</Atom>
			<Atom tableref="numbers">
				<!--  ckey -->
				<SKFunction skname="SK10">
					<Var>miscID</Var>
				</SKFunction>
				<Var>num</Var>
			</Atom>

			<Atom tableref="notes">
				<!--  ckey -->
				<SKFunction skname="SK10">
					<Var>miscID</Var>
				</SKFunction>
				<Var>note</Var>
			</Atom>

			<Atom tableref="notes">
				<!--  ckey -->
				<SKFunction skname="SK10">
					<Var>miscID</Var>
				</SKFunction>
				<Var>annote</Var>
			</Atom>


		</Exists>
	</Mapping>

<!--
Manual(manID, title, org, year, month, pages, vol, num, loc, class, note, annote) & ManualPublished(manID, authId) & Author(authId, authName) 
-> 
authors(SK11(manID), authName) & allBibs(SK11(manID)) & titles(SK11(manID), title) & addresses(SK11(manID), loc) & years(SK11(manID), year) & months(SK11(manID), month) & pages(SK11(manID), pages) & volumes(SK11(manID), vol) & numbers(SK11(manID), num) & notes(SK11(manID), note) & notes(SK11(manID), annote)
-->
	<Mapping id="M7">
		<Foreach>
			<Atom tableref="Manual">
			  <Var>manID</Var>
			  <Var>title</Var>
			  <Var>org</Var>
			  <Var>year</Var>
			  <Var>month</Var>
			  <Var>pages</Var>
			  <Var>vol</Var>
			  <Var>num</Var>
			  <Var>loc</Var>
			  <Var>class</Var>
			  <Var>note</Var>
			  <Var>annote</Var>
			</Atom>
			<Atom tableref="ManualPublished">
			  <Var>manID</Var>
			  <Var>authId</Var>
			</Atom>
			<Atom tableref="Author">
			  <Var>authId</Var>
			  <Var>authName</Var>
			</Atom>
		</Foreach>
		<Exists>
			<Atom tableref="authors">
				<!--  ckey -->
				<SKFunction skname="SK11">
					<Var>manID</Var>
				</SKFunction>
				<Var>authName</Var>
			</Atom>
			<Atom tableref="allBibs">
				<!--  ckey -->
				<SKFunction skname="SK11">
					<Var>manID</Var>
				</SKFunction>
			</Atom>
			<Atom tableref="titles">
				<!--  ckey -->
				<SKFunction skname="SK11">
					<Var>manID</Var>
				</SKFunction>
				<Var>title</Var>
			</Atom>
			<Atom tableref="addresses">
				<!--  ckey -->
				<SKFunction skname="SK11">
					<Var>manID</Var>
				</SKFunction>
				<Var>loc</Var>
			</Atom>
			<Atom tableref="years">
				<!--  ckey -->
				<SKFunction skname="SK11">
					<Var>manID</Var>
				</SKFunction>
				<Var>year</Var>
			</Atom>
			<Atom tableref="months">
				<!--  ckey -->
				<SKFunction skname="SK11">
					<Var>manID</Var>
				</SKFunction>
				<Var>month</Var>
			</Atom>
			<Atom tableref="pages">
				<!--  ckey -->
				<SKFunction skname="SK11">
					<Var>manID</Var>
				</SKFunction>
				<Var>pages</Var>
			</Atom>
			<Atom tableref="volumes">
				<!--  ckey -->
				<SKFunction skname="SK11">
					<Var>manID</Var>
				</SKFunction>
				<Var>vol</Var>
			</Atom>
			<Atom tableref="numbers">
				<!--  ckey -->
				<SKFunction skname="SK11">
					<Var>manID</Var>
				</SKFunction>
				<Var>num</Var>
			</Atom>

			<Atom tableref="notes">
				<!--  ckey -->
				<SKFunction skname="SK11">
					<Var>manID</Var>
				</SKFunction>
				<Var>note</Var>
			</Atom>

			<Atom tableref="notes">
				<!--  ckey -->
				<SKFunction skname="SK11">
					<Var>manID</Var>
				</SKFunction>
				<Var>annote</Var>
			</Atom>


		</Exists>
	</Mapping>



<!--
Author(authId, authName) 
-> 
authors(SK0(authId), authName)
-->
    <Mapping id="M8" >
      <Foreach>
        <Atom tableref="Author">
	  <Var>authId</Var>
	  <Var>authName</Var>
	</Atom>
      </Foreach>
      <Exists>
        <Atom tableref="authors">
	  <!-- citKey -->
	  <SKFunction skname="SK0">
	    <Var>authId</Var>
	  </SKFunction>
	  <Var>authName</Var>
        </Atom>
      </Exists>
    </Mapping>

  </Mappings>
  <Data>
	<InstanceFile name="Article">
		<Path>resource/exampleScenarios/Amalgam/data1</Path>
		<FileName>article.txt</FileName>
		<ColumnDelim>|</ColumnDelim>
	</InstanceFile>
	<InstanceFile name="ArticlePublished">
		<Path>resource/exampleScenarios/Amalgam/data1</Path>
		<FileName>articleRel.txt</FileName>
		<ColumnDelim>|</ColumnDelim>
	</InstanceFile>
	<InstanceFile name="Author">
		<Path>resource/exampleScenarios/Amalgam/data1</Path>
		<FileName>author.txt</FileName>
		<ColumnDelim>|</ColumnDelim>
	</InstanceFile>
	<InstanceFile name="Book">
		<Path>resource/exampleScenarios/Amalgam/data1</Path>
		<FileName>book.txt</FileName>
		<ColumnDelim>|</ColumnDelim>
	</InstanceFile>
	<InstanceFile name="BookPublished">
		<Path>resource/exampleScenarios/Amalgam/data1</Path>
		<FileName>bookRel.txt</FileName>
		<ColumnDelim>|</ColumnDelim>
	</InstanceFile>
	<InstanceFile name="InCollection">
		<Path>resource/exampleScenarios/Amalgam/data1</Path>
		<FileName>incollection.txt</FileName>
		<ColumnDelim>|</ColumnDelim>
	</InstanceFile>
	<InstanceFile name="InCollPublished">
		<Path>resource/exampleScenarios/Amalgam/data1</Path>
		<FileName>incollectionRel.txt</FileName>
		<ColumnDelim>|</ColumnDelim>
	</InstanceFile>
	<InstanceFile name="InProceedings">
		<Path>resource/exampleScenarios/Amalgam/data1</Path>
		<FileName>inproceedings.txt</FileName>
		<ColumnDelim>|</ColumnDelim>
	</InstanceFile>
	<InstanceFile name="InprocPublished">
		<Path>resource/exampleScenarios/Amalgam/data1</Path>
		<FileName>inproceedingsRel.txt</FileName>
		<ColumnDelim>|</ColumnDelim>
	</InstanceFile>
	<InstanceFile name="Manual">
		<Path>resource/exampleScenarios/Amalgam/data1</Path>
		<FileName>manual.txt</FileName>
		<ColumnDelim>|</ColumnDelim>
	</InstanceFile>
	<InstanceFile name="ManualPublished">
		<Path>resource/exampleScenarios/Amalgam/data1</Path>
		<FileName>manualRel.txt</FileName>
		<ColumnDelim>|</ColumnDelim>
	</InstanceFile>	
	<InstanceFile name="Misc">
		<Path>resource/exampleScenarios/Amalgam/data1</Path>
		<FileName>misc.txt</FileName>
		<ColumnDelim>|</ColumnDelim>
	</InstanceFile>
	<InstanceFile name="MiscPublished">
		<Path>resource/exampleScenarios/Amalgam/data1</Path>
		<FileName>miscRel.txt</FileName>
		<ColumnDelim>|</ColumnDelim>
	</InstanceFile>
	<InstanceFile name="TechReport">
		<Path>resource/exampleScenarios/Amalgam/data1</Path>
		<FileName>techreport.txt</FileName>
		<ColumnDelim>|</ColumnDelim>
	</InstanceFile>
	<InstanceFile name="TechPublished">
		<Path>resource/exampleScenarios/Amalgam/data1</Path>
		<FileName>techreportRel.txt</FileName>
		<ColumnDelim>|</ColumnDelim>
	</InstanceFile>
</Data>
<ConnectionInfo>
	<Host>localhost</Host>
	<DB>amalgam</DB>
	<User>lordpretzel</User>
	<Password/>
	<Port>5432</Port>
</ConnectionInfo>
</this:MappingScenario>
