<?xml version="1.0" encoding="UTF-8"?>
<!--  TAKEN FROM BOGDAN .map file: -->
<this:MappingScenario xmlns:this="org/vagabond/xmlmodel" xmlns:xsi="http://www.w3.org/2001/XMLSchema-instance">
<Schemas>
	<SourceSchema>
<!--  ****************** Publication type tables ************************** -->	
		<Relation name="DInProceedings">
			<Attr><Name>pid</Name><DataType>TEXT</DataType></Attr>
			<Attr><Name>title</Name><DataType>TEXT</DataType></Attr>
			<Attr><Name>pages</Name><DataType>TEXT</DataType></Attr>
			<Attr><Name>booktitle</Name><DataType>TEXT</DataType></Attr>
			<Attr><Name>url</Name><DataType>TEXT</DataType></Attr>
			<Attr><Name>cdrom</Name><DataType>TEXT</DataType></Attr>
			<Attr><Name>month</Name><DataType>TEXT</DataType></Attr>
			<Attr><Name>year</Name><DataType>TEXT</DataType></Attr>			
			<PrimaryKey><Attr>pid</Attr></PrimaryKey>
		</Relation>

		<Relation name="DArticle">
			<Attr><Name>pid</Name><DataType>TEXT</DataType></Attr>
			<Attr><Name>title</Name><DataType>TEXT</DataType></Attr>
			<Attr><Name>pages</Name><DataType>TEXT</DataType></Attr>
			<Attr><Name>cdrom</Name><DataType>TEXT</DataType></Attr>
			<Attr><Name>month</Name><DataType>TEXT</DataType></Attr>
			<Attr><Name>year</Name><DataType>TEXT</DataType></Attr>
			<Attr><Name>volume</Name><DataType>TEXT</DataType></Attr>
			<Attr><Name>journal</Name><DataType>TEXT</DataType></Attr>
			<Attr><Name>number</Name><DataType>TEXT</DataType></Attr>
			<Attr><Name>url</Name><DataType>TEXT</DataType></Attr>									
			<PrimaryKey><Attr>pid</Attr></PrimaryKey>
		</Relation>

		<Relation name="DBook">
			<Attr><Name>pid</Name><DataType>TEXT</DataType></Attr>
			<Attr><Name>editor</Name><DataType>TEXT</DataType></Attr>
			<Attr><Name>title</Name><DataType>TEXT</DataType></Attr>
			<Attr><Name>publisher</Name><DataType>TEXT</DataType></Attr>
			<Attr><Name>year</Name><DataType>TEXT</DataType></Attr>
			<Attr><Name>isbn</Name><DataType>TEXT</DataType></Attr>
			<Attr><Name>cdrom</Name><DataType>TEXT</DataType></Attr>
			<Attr><Name>citel</Name><DataType>TEXT</DataType></Attr>
			<Attr><Name>url</Name><DataType>TEXT</DataType></Attr>									
			<PrimaryKey><Attr>pid</Attr></PrimaryKey>
		</Relation>

		<Relation name="MasterThesis">
			<Attr><Name>author</Name><DataType>TEXT</DataType></Attr>
			<Attr><Name>title</Name><DataType>TEXT</DataType></Attr>
			<Attr><Name>year</Name><DataType>TEXT</DataType></Attr>
			<Attr><Name>school</Name><DataType>TEXT</DataType></Attr>
			<PrimaryKey><Attr>author</Attr><Attr>title</Attr></PrimaryKey>
		</Relation>

		<Relation name="PhDThesis">
			<Attr><Name>author</Name><DataType>TEXT</DataType></Attr>
			<Attr><Name>title</Name><DataType>TEXT</DataType></Attr>
			<Attr><Name>year</Name><DataType>TEXT</DataType></Attr>
			<Attr><Name>series</Name><DataType>TEXT</DataType></Attr>
			<Attr><Name>number</Name><DataType>TEXT</DataType></Attr>
			<Attr><Name>month</Name><DataType>TEXT</DataType></Attr>
			<Attr><Name>school</Name><DataType>TEXT</DataType></Attr>
			<Attr><Name>publisher</Name><DataType>TEXT</DataType></Attr>
			<Attr><Name>isbn</Name><DataType>TEXT</DataType></Attr>
			<PrimaryKey><Attr>author</Attr><Attr>title</Attr></PrimaryKey>
		</Relation>
		
		<Relation name="WWW">
			<Attr><Name>pid</Name><DataType>TEXT</DataType></Attr>
			<Attr><Name>title</Name><DataType>TEXT</DataType></Attr>
			<Attr><Name>year</Name><DataType>TEXT</DataType></Attr>
			<Attr><Name>url</Name><DataType>TEXT</DataType></Attr>
			<PrimaryKey><Attr>pid</Attr></PrimaryKey>
		</Relation>
		
		<Relation name="PubAuthors">
			<Attr><Name>pid</Name><DataType>TEXT</DataType></Attr>
			<Attr><Name>author</Name><DataType>TEXT</DataType></Attr>
			<PrimaryKey><Attr>pid</Attr><Attr>author</Attr></PrimaryKey>
		</Relation>
				
		
<!--  ****************** Foreign Keys ************************** -->	

<!-- Pub author references one of the publication types</Var><Var> but this cannot be expressed as a foreign key. -->

	</SourceSchema>
	<TargetSchema>

<!--  ****************** Publication type tables ************************** -->	
		<Relation name="InProceedings">
			<Attr><Name>inprocID</Name><DataType>TEXT</DataType></Attr>
			<Attr><Name>title</Name><DataType>TEXT</DataType></Attr>
			<Attr><Name>bktitle</Name><DataType>TEXT</DataType></Attr>
			<Attr><Name>year</Name><DataType>INT</DataType></Attr>
			<Attr><Name>month</Name><DataType>TEXT</DataType></Attr>
			<Attr><Name>pages</Name><DataType>TEXT</DataType></Attr>
			<Attr><Name>vol</Name><DataType>INT</DataType></Attr>
			<Attr><Name>num</Name><DataType>INT</DataType></Attr>
			<Attr><Name>loc</Name><DataType>TEXT</DataType></Attr>
			<Attr><Name>class</Name><DataType>TEXT</DataType></Attr>
			<Attr><Name>note</Name><DataType>TEXT</DataType></Attr>
			<Attr><Name>annote</Name><DataType>TEXT</DataType></Attr>
			<PrimaryKey><Attr>inprocID</Attr></PrimaryKey>
		</Relation>
		<Relation name="Article">
			<Attr><Name>articleID</Name><DataType>TEXT</DataType></Attr>
			<Attr><Name>title</Name><DataType>TEXT</DataType></Attr>
			<Attr><Name>journal</Name><DataType>TEXT</DataType></Attr>
			<Attr><Name>year</Name><DataType>INT</DataType></Attr>
			<Attr><Name>month</Name><DataType>TEXT</DataType></Attr>
			<Attr><Name>pages</Name><DataType>TEXT</DataType></Attr>
			<Attr><Name>vol</Name><DataType>INT</DataType></Attr>
			<Attr><Name>num</Name><DataType>INT</DataType></Attr>
			<Attr><Name>loc</Name><DataType>TEXT</DataType></Attr>
			<Attr><Name>class</Name><DataType>TEXT</DataType></Attr>
			<Attr><Name>note</Name><DataType>TEXT</DataType></Attr>
			<Attr><Name>annote</Name><DataType>TEXT</DataType></Attr>
			<PrimaryKey><Attr>articleID</Attr></PrimaryKey>
		</Relation>
		<Relation name="TechReport">
			<Attr><Name>techID</Name><DataType>TEXT</DataType></Attr>
			<Attr><Name>title</Name><DataType>TEXT</DataType></Attr>
			<Attr><Name>inst</Name><DataType>TEXT</DataType></Attr>
			<Attr><Name>year</Name><DataType>INT</DataType></Attr>
			<Attr><Name>month</Name><DataType>TEXT</DataType></Attr>
			<Attr><Name>pages</Name><DataType>TEXT</DataType></Attr>
			<Attr><Name>vol</Name><DataType>INT</DataType></Attr>
			<Attr><Name>num</Name><DataType>INT</DataType></Attr>
			<Attr><Name>loc</Name><DataType>TEXT</DataType></Attr>
			<Attr><Name>class</Name><DataType>TEXT</DataType></Attr>
			<Attr><Name>note</Name><DataType>TEXT</DataType></Attr>
			<Attr><Name>annote</Name><DataType>TEXT</DataType></Attr>
			<PrimaryKey><Attr>techID</Attr></PrimaryKey>
		</Relation>
		<Relation name="Book">
			<Attr><Name>bookID</Name><DataType>TEXT</DataType></Attr>
			<Attr><Name>title</Name><DataType>TEXT</DataType></Attr>
			<Attr><Name>publisher</Name><DataType>TEXT</DataType></Attr>
			<Attr><Name>year</Name><DataType>INT</DataType></Attr>
			<Attr><Name>month</Name><DataType>TEXT</DataType></Attr>
			<Attr><Name>pages</Name><DataType>TEXT</DataType></Attr>
			<Attr><Name>vol</Name><DataType>INT</DataType></Attr>
			<Attr><Name>num</Name><DataType>INT</DataType></Attr>
			<Attr><Name>loc</Name><DataType>TEXT</DataType></Attr>
			<Attr><Name>class</Name><DataType>TEXT</DataType></Attr>
			<Attr><Name>note</Name><DataType>TEXT</DataType></Attr>
			<Attr><Name>annote</Name><DataType>TEXT</DataType></Attr>
			<PrimaryKey><Attr>bookID</Attr></PrimaryKey>
		</Relation>
		<Relation name="InCollection">
			<Attr><Name>collID</Name><DataType>TEXT</DataType></Attr>
			<Attr><Name>title</Name><DataType>TEXT</DataType></Attr>
			<Attr><Name>bktitle</Name><DataType>TEXT</DataType></Attr>
			<Attr><Name>year</Name><DataType>INT</DataType></Attr>
			<Attr><Name>month</Name><DataType>TEXT</DataType></Attr>
			<Attr><Name>pages</Name><DataType>TEXT</DataType></Attr>
			<Attr><Name>vol</Name><DataType>INT</DataType></Attr>
			<Attr><Name>num</Name><DataType>INT</DataType></Attr>
			<Attr><Name>loc</Name><DataType>TEXT</DataType></Attr>
			<Attr><Name>class</Name><DataType>TEXT</DataType></Attr>
			<Attr><Name>note</Name><DataType>TEXT</DataType></Attr>
			<Attr><Name>annote</Name><DataType>TEXT</DataType></Attr>
			<PrimaryKey><Attr>collID</Attr></PrimaryKey>
		</Relation>
		<Relation name="Misc">
			<Attr><Name>miscID</Name><DataType>TEXT</DataType></Attr>
			<Attr><Name>title</Name><DataType>TEXT</DataType></Attr>
			<Attr><Name>howpub</Name><DataType>TEXT</DataType></Attr>
			<Attr><Name>confloc</Name><DataType>TEXT</DataType></Attr>
			<Attr><Name>year</Name><DataType>INT</DataType></Attr>
			<Attr><Name>month</Name><DataType>TEXT</DataType></Attr>
			<Attr><Name>pages</Name><DataType>TEXT</DataType></Attr>
			<Attr><Name>vol</Name><DataType>INT</DataType></Attr>
			<Attr><Name>num</Name><DataType>INT</DataType></Attr>
			<Attr><Name>loc</Name><DataType>TEXT</DataType></Attr>
			<Attr><Name>class</Name><DataType>TEXT</DataType></Attr>
			<Attr><Name>note</Name><DataType>TEXT</DataType></Attr>
			<Attr><Name>annote</Name><DataType>TEXT</DataType></Attr>
			<PrimaryKey><Attr>miscID</Attr></PrimaryKey>
		</Relation>
		<Relation name="Manual">
			<Attr><Name>manID</Name><DataType>TEXT</DataType></Attr>
			<Attr><Name>title</Name><DataType>TEXT</DataType></Attr>
			<Attr><Name>org</Name><DataType>TEXT</DataType></Attr>
			<Attr><Name>year</Name><DataType>INT</DataType></Attr>
			<Attr><Name>month</Name><DataType>TEXT</DataType></Attr>
			<Attr><Name>pages</Name><DataType>TEXT</DataType></Attr>
			<Attr><Name>vol</Name><DataType>INT</DataType></Attr>
			<Attr><Name>num</Name><DataType>INT</DataType></Attr>
			<Attr><Name>loc</Name><DataType>TEXT</DataType></Attr>
			<Attr><Name>class</Name><DataType>TEXT</DataType></Attr>
			<Attr><Name>note</Name><DataType>TEXT</DataType></Attr>
			<Attr><Name>annote</Name><DataType>TEXT</DataType></Attr>
			<PrimaryKey><Attr>manID</Attr></PrimaryKey>
		</Relation>
		
<!--  ****************** Author table ************************** -->		
		
		<Relation name="Author">
			<Attr><Name>AuthID</Name><DataType>TEXT</DataType></Attr>
			<Attr><Name>name</Name><DataType>TEXT</DataType></Attr>
			<PrimaryKey><Attr>AuthID</Attr></PrimaryKey>
		</Relation>
		
<!--  ****************** Relationship tables ************************** -->		
		<Relation name="InprocPublished">
			<Attr><Name>inprocID</Name><DataType>TEXT</DataType></Attr>
			<Attr><Name>AuthID</Name><DataType>TEXT</DataType></Attr>
			<PrimaryKey><Attr>inprocID</Attr><Attr>AuthID</Attr></PrimaryKey>
		</Relation>		
		<Relation name="ArticlePublished">
			<Attr><Name>articleID</Name><DataType>TEXT</DataType></Attr>
			<Attr><Name>AuthID</Name><DataType>TEXT</DataType></Attr>
			<PrimaryKey><Attr>articleID</Attr><Attr>AuthID</Attr></PrimaryKey>
		</Relation>		
		<Relation name="TechPublished">
			<Attr><Name>techID</Name><DataType>TEXT</DataType></Attr>
			<Attr><Name>AuthID</Name><DataType>TEXT</DataType></Attr>
			<PrimaryKey><Attr>techID</Attr><Attr>AuthID</Attr></PrimaryKey>
		</Relation>		
		<Relation name="BookPublished">
			<Attr><Name>bookID</Name><DataType>TEXT</DataType></Attr>
			<Attr><Name>AuthID</Name><DataType>TEXT</DataType></Attr>
			<PrimaryKey><Attr>bookID</Attr><Attr>AuthID</Attr></PrimaryKey>
		</Relation>
		<Relation name="InCollPublished">
			<Attr><Name>collID</Name><DataType>TEXT</DataType></Attr>
			<Attr><Name>AuthID</Name><DataType>TEXT</DataType></Attr>
			<PrimaryKey><Attr>collID</Attr><Attr>AuthID</Attr></PrimaryKey>
		</Relation>		
		<Relation name="MiscPublished">
			<Attr><Name>miscID</Name><DataType>TEXT</DataType></Attr>
			<Attr><Name>AuthID</Name><DataType>TEXT</DataType></Attr>
			<PrimaryKey><Attr>miscID</Attr><Attr>AuthID</Attr></PrimaryKey>
		</Relation>		
		<Relation name="ManualPublished">
			<Attr><Name>manID</Name><DataType>TEXT</DataType></Attr>
			<Attr><Name>AuthID</Name><DataType>TEXT</DataType></Attr>
			<PrimaryKey><Attr>manID</Attr><Attr>AuthID</Attr></PrimaryKey>
		</Relation>		

<!--  ****************** Foreign Keys ************************** -->	
		<ForeignKey id="inprocPub">
			<From tableref="InprocPublished"><Attr>inprocID</Attr></From>
			<To tableref="InProceedings"><Attr>inprocID</Attr></To>
		</ForeignKey>
		<ForeignKey id="inprocAuthor">
			<From tableref="InprocPublished"><Attr>AuthID</Attr></From>
			<To tableref="Author"><Attr>AuthID</Attr></To>
		</ForeignKey>

		<ForeignKey id="articlePub">
			<From tableref="ArticlePublished"><Attr>articleID</Attr></From>
			<To tableref="Article"><Attr>articleID</Attr></To>
		</ForeignKey>
		<ForeignKey id="articleAuthor">
			<From tableref="ArticlePublished"><Attr>AuthID</Attr></From>
			<To tableref="Author"><Attr>AuthID</Attr></To>
		</ForeignKey>

		<ForeignKey id="techPub">
			<From tableref="TechPublished"><Attr>techID</Attr></From>
			<To tableref="TechReport"><Attr>techID</Attr></To>
		</ForeignKey>
		<ForeignKey id="techAuthor">
			<From tableref="TechPublished"><Attr>AuthID</Attr></From>
			<To tableref="Author"><Attr>AuthID</Attr></To>
		</ForeignKey>

		<ForeignKey id="bookPub">
			<From tableref="BookPublished"><Attr>bookID</Attr></From>
			<To tableref="Book"><Attr>bookID</Attr></To>
		</ForeignKey>
		<ForeignKey id="bookAuthor">
			<From tableref="BookPublished"><Attr>AuthID</Attr></From>
			<To tableref="Author"><Attr>AuthID</Attr></To>
		</ForeignKey>		
		
		<ForeignKey id="incollPub">
			<From tableref="InCollPublished"><Attr>collID</Attr></From>
			<To tableref="InCollection"><Attr>collID</Attr></To>
		</ForeignKey>
		<ForeignKey id="incollAuthor">
			<From tableref="BookPublished"><Attr>AuthID</Attr></From>
			<To tableref="Author"><Attr>AuthID</Attr></To>
		</ForeignKey>		
				
		<ForeignKey id="miscPub">
			<From tableref="MiscPublished"><Attr>miscID</Attr></From>
			<To tableref="Misc"><Attr>miscID</Attr></To>
		</ForeignKey>
		<ForeignKey id="miscAuthor">
			<From tableref="MiscPublished"><Attr>AuthID</Attr></From>
			<To tableref="Author"><Attr>AuthID</Attr></To>
		</ForeignKey>				

		<ForeignKey id="manualPub">
			<From tableref="ManualPublished"><Attr>manID</Attr></From>
			<To tableref="Manual"><Attr>manID</Attr></To>
		</ForeignKey>
		<ForeignKey id="manualAuthor">
			<From tableref="ManualPublished"><Attr>AuthID</Attr></From>
			<To tableref="Author"><Attr>AuthID</Attr></To>
		</ForeignKey>					

	</TargetSchema>
</Schemas>
<Mappings>
<!-- DInProceedings(pid, title, pages, booktitle, url, cdrom, month, year) -> 
	 InProceedings(inprocid, title, booktitle, year, month, pages, vol, num, loc, class, note, annote); -->

	<Mapping id="M1">
		<Foreach>
			<Atom tableref="DInProceedings">
				<Var>pid</Var>
				<Var>title</Var>
				<Var>pages</Var>
				<Var>booktitle</Var>
				<Var>url</Var>
				<Var>cdrom</Var>
				<Var>month</Var>
				<Var>year</Var>
			</Atom>
		</Foreach>
		<Exists>
			<Atom tableref="InProceedings">
				<!--  inprocid -->
				<SKFunction skname="SK1">
					<Var>pid</Var>
				</SKFunction>
				<Var>title</Var>
				<Var>booktitle</Var>
				<Var>year</Var>
				<Var>month</Var>
				<Var>pages</Var>
				<!-- vol -->
				<SKFunction skname="SK2">
					<Var>booktitle</Var>
					<Var>year</Var>
				</SKFunction>
				<!-- num -->
				<SKFunction skname="SK3">
					<Var>booktitle</Var>
					<Var>year</Var>
					<Var>month</Var>
				</SKFunction>
				<!-- loc -->
				<SKFunction skname="SK4">
					<Var>booktitle</Var>
					<Var>year</Var>
					<Var>month</Var>
				</SKFunction>
				<!-- class -->
				<SKFunction skname="SK6">
					<Var>pid</Var>
				</SKFunction>
				<!-- note -->
				<SKFunction skname="SK7">
					<Var>pid</Var>
				</SKFunction>
				<!-- annote -->
				<SKFunction skname="SK8">
					<Var>pid</Var>
				</SKFunction>
			</Atom>
		</Exists>
	</Mapping>

<!-- DInProceedings(pid, title, pages, booktitle, url, cdrom, month, year) & PubAuthors(pid, author) 
-> InProcPublished(inprocid, authid) & Author(authid, author) & InProceedings(inprocid, title, booktitle, year, month, pages, vol, num, loc, class, note, annote)
  -->

	<Mapping id="M2">
		<Foreach>
			<Atom tableref="DInProceedings">
				<Var>pid</Var>
				<Var>title</Var>
				<Var>pages</Var>
				<Var>booktitle</Var>
				<Var>url</Var>
				<Var>cdrom</Var>
				<Var>month</Var>
				<Var>year</Var>
			</Atom>
			<Atom tableref="PubAuthors">
				<Var>pid</Var>
				<Var>author</Var>
			</Atom>
		</Foreach>
		<Exists>
			<Atom tableref="InprocPublished">
				<!--  inprocid -->
				<SKFunction skname="SK9">
					<Var>pid</Var>
				</SKFunction>
				<!--  authorid -->
				<SKFunction skname="SK10">
					<Var>author</Var>
				</SKFunction>
			</Atom>
			<Atom tableref="Author">
				<SKFunction skname="SK10">
					<Var>author</Var>
				</SKFunction>
				<Var>author</Var>
			</Atom>
			<Atom tableref="InProceedings">
				<!--  inprocid -->
				<SKFunction skname="SK1">
					<Var>pid</Var>
				</SKFunction>
				<Var>title</Var>
				<Var>booktitle</Var>
				<Var>year</Var>
				<Var>month</Var>
				<Var>pages</Var>
				<!-- vol -->
				<SKFunction skname="SK2">
					<Var>booktitle</Var>
					<Var>year</Var>
				</SKFunction>
				<!-- num -->
				<SKFunction skname="SK3">
					<Var>booktitle</Var>
					<Var>year</Var>
					<Var>month</Var>
				</SKFunction>
				<!-- loc -->
				<SKFunction skname="SK4">
					<Var>booktitle</Var>
					<Var>year</Var>
					<Var>month</Var>
				</SKFunction>
				<!-- class -->
				<SKFunction skname="SK6">
					<Var>pid</Var>
				</SKFunction>
				<!-- note -->
				<SKFunction skname="SK7">
					<Var>pid</Var>
				</SKFunction>
				<!-- annote -->
				<SKFunction skname="SK8">
					<Var>pid</Var>
				</SKFunction>
			</Atom>
		</Exists>
	</Mapping>

<!-- WWW(pid, title, year, url) -> Misc(miscid, title, howpub, confloc, year, month, pages, vol, num, loc, class, note, annote)  -->

	<Mapping id="M3">
		<Foreach>
			<Atom tableref="WWW">
				<Var>pid</Var>
				<Var>title</Var>
				<Var>year</Var>
				<Var>url</Var>
			</Atom>
		</Foreach>
		<Exists>
			<Atom tableref="Misc">
				<!--  miscid -->
				<SKFunction skname="SK11">
					<Var>pid</Var>
				</SKFunction>
				<Var>title</Var>
				<!-- howpub -->
				<SKFunction skname="SK12">
					<Var>pid</Var>
				</SKFunction>
				<!-- confloc -->
				<SKFunction skname="SK13">
					<Var>pid</Var>
				</SKFunction>
				<Var>year</Var>
				<!-- month -->
				<SKFunction skname="SK14">
					<Var>pid</Var>
				</SKFunction>
				<!-- pages -->
				<SKFunction skname="SK15">
					<Var>pid</Var>
				</SKFunction>
				<!-- vol -->
				<SKFunction skname="SK16">
					<Var>pid</Var>
				</SKFunction>
				<!-- num -->
				<SKFunction skname="SK17">
					<Var>pid</Var>
				</SKFunction>
				<!-- loc -->
				<SKFunction skname="SK18">
					<Var>pid</Var>
				</SKFunction>
				<!-- class -->
				<SKFunction skname="SK19">
					<Var>pid</Var>
				</SKFunction>
				<!-- note -->
				<SKFunction skname="SK20">
					<Var>pid</Var>
				</SKFunction>
				<!-- annote -->
				<SKFunction skname="SK21">
					<Var>pid</Var>
				</SKFunction>
			</Atom>
		</Exists>
	</Mapping>

<!-- WWW(pid, title, year, url) & PubAuthors(pid, author) 
-> MiscPublished(miscid, authid) & Misc(miscid, title, howpub, confloc, year, month, pages, vol, num, loc, class, note, annote) & Author(authid, author)
 -->

	<Mapping id="M4">
		<Foreach>
			<Atom tableref="WWW">
				<Var>pid</Var>
				<Var>title</Var>
				<Var>year</Var>
				<Var>url</Var>
			</Atom>
			<Atom tableref="PubAuthors">
				<Var>pid</Var>
				<Var>author</Var>
			</Atom>
		</Foreach>
		<Exists>
			<Atom tableref="MiscPublished">
				<!--  miscid -->
				<SKFunction skname="SK11">
					<Var>pid</Var>
				</SKFunction>
				<!--  authorid -->
				<SKFunction skname="SK10">
					<Var>author</Var>
				</SKFunction>
			</Atom>
			<Atom tableref="Author">
				<SKFunction skname="SK10">
					<Var>author</Var>
				</SKFunction>
				<Var>author</Var>
			</Atom>
			<Atom tableref="Misc">
				<!--  miscid -->
				<SKFunction skname="SK11">
					<Var>pid</Var>
				</SKFunction>
				<Var>title</Var>
				<!-- howpub -->
				<SKFunction skname="SK12">
					<Var>pid</Var>
				</SKFunction>
				<!-- confloc -->
				<SKFunction skname="SK13">
					<Var>pid</Var>
				</SKFunction>
				<Var>year</Var>
				<!-- month -->
				<SKFunction skname="SK14">
					<Var>pid</Var>
				</SKFunction>
				<!-- pages -->
				<SKFunction skname="SK15">
					<Var>pid</Var>
				</SKFunction>
				<!-- vol -->
				<SKFunction skname="SK16">
					<Var>pid</Var>
				</SKFunction>
				<!-- num -->
				<SKFunction skname="SK17">
					<Var>pid</Var>
				</SKFunction>
				<!-- loc -->
				<SKFunction skname="SK18">
					<Var>pid</Var>
				</SKFunction>
				<!-- class -->
				<SKFunction skname="SK19">
					<Var>pid</Var>
				</SKFunction>
				<!-- note -->
				<SKFunction skname="SK20">
					<Var>pid</Var>
				</SKFunction>
				<!-- annote -->
				<SKFunction skname="SK21">
					<Var>pid</Var>
				</SKFunction>
			</Atom>
		</Exists>
	</Mapping>

<!-- DArticle(pid, title, pages, cdrom, month, year, volume, journal, number, url) 
	-> Article(articleid, title, journal, year, month, pages, volume, number, loc, class, note, annote)  -->

	<Mapping id="M5">
		<Foreach>
			<Atom tableref="DArticle">
				<Var>pid</Var>
				<Var>title</Var>	
				<Var>pages</Var>
				<Var>cdrom</Var>
				<Var>month</Var>
				<Var>year</Var>
				<Var>volume</Var>
				<Var>journal</Var>
				<Var>number</Var>
				<Var>url</Var> 
			</Atom>
		</Foreach>
		<Exists>
			<Atom tableref="Article">
				<!-- articleid -->
				<SKFunction skname="SK22">
					<Var>pid</Var>
				</SKFunction>
				<Var>title</Var>
				<Var>journal</Var>
				<Var>year</Var>
				<Var>month</Var>
				<Var>pages</Var>
				<Var>volume</Var>
				<Var>number</Var>
				<!-- loc -->
				<SKFunction skname="SK23">
					<Var>pid</Var>
				</SKFunction>
				<!-- class -->
				<SKFunction skname="SK24">
					<Var>pid</Var>
				</SKFunction>
				<!-- note -->
				<SKFunction skname="SK25">
					<Var>pid</Var>
				</SKFunction>
				<!-- annote -->
				<SKFunction skname="SK26">
					<Var>pid</Var>
				</SKFunction>
			</Atom>
		</Exists>
	</Mapping>

<!-- DArticle(pid, title, pages, cdrom, month, year, volume, journal, number, url) & PubAuthors(pid, author) -> ArticlePublished(articleid, authid) & Article(articleid, title, journal, year, month, pages, volume, number, loc, class, note, annote) & Author(authid, author)   
  -->

	<Mapping id="M6">
		<Foreach>
			<Atom tableref="DArticle">
				<Var>pid</Var>
				<Var>title</Var>	
				<Var>pages</Var>
				<Var>cdrom</Var>
				<Var>month</Var>
				<Var>year</Var>
				<Var>volume</Var>
				<Var>journal</Var>
				<Var>number</Var>
				<Var>url</Var> 
			</Atom>
			<Atom tableref="PubAuthors">
				<Var>pid</Var>
				<Var>author</Var>
			</Atom>
		</Foreach>
		<Exists>
			<Atom tableref="ArticlePublished">
				<!--  articleid -->
				<SKFunction skname="SK22">
					<Var>pid</Var>
				</SKFunction>
				<!--  authorid -->
				<SKFunction skname="SK10">
					<Var>author</Var>
				</SKFunction>
			</Atom>
			<Atom tableref="Author">
				<SKFunction skname="SK10">
					<Var>author</Var>
				</SKFunction>
				<Var>author</Var>
			</Atom>
			<Atom tableref="Article">
				<!-- articleid -->
				<SKFunction skname="SK22">
					<Var>pid</Var>
				</SKFunction>
				<Var>title</Var>
				<Var>journal</Var>
				<Var>year</Var>
				<Var>month</Var>
				<Var>pages</Var>
				<Var>volume</Var>
				<Var>number</Var>
				<!-- loc -->
				<SKFunction skname="SK23">
					<Var>pid</Var>
				</SKFunction>
				<!-- class -->
				<SKFunction skname="SK24">
					<Var>pid</Var>
				</SKFunction>
				<!-- note -->
				<SKFunction skname="SK25">
					<Var>pid</Var>
				</SKFunction>
				<!-- annote -->
				<SKFunction skname="SK26">
					<Var>pid</Var>
				</SKFunction>
			</Atom>
		</Exists>
	</Mapping>

<!-- DBook(pid, editor, title, publisher, year, isbn, cdrom, cite, url) 
	-> Book(bookid, title, publisher, year, month, pages, vol, num, loc, class, note, annote)  -->

	<Mapping id="M7">
		<Foreach>
			<Atom tableref="DBook">
				<Var>pid</Var>
				<Var>editor</Var>
				<Var>title</Var>
				<Var>publisher</Var>
				<Var>year</Var>
				<Var>isbn</Var>
				<Var>cdrom</Var>
				<Var>cite</Var>
				<Var>url</Var>
			</Atom>
		</Foreach>
		<Exists>
			<Atom tableref="Book">
				<!-- bookid -->
				<SKFunction skname="SK27">
					<Var>pid</Var>
				</SKFunction>
				<Var>title</Var>
				<Var>publisher</Var>
				<Var>year</Var>
				<!-- month -->
				<SKFunction skname="SK28">
					<Var>pid</Var>
				</SKFunction>
				<!-- pages -->
				<SKFunction skname="SK29">
					<Var>pid</Var>
				</SKFunction>
				<!-- vol -->
				<SKFunction skname="SK30">
					<Var>pid</Var>
				</SKFunction>
				<!-- num -->
				<SKFunction skname="SK31">
					<Var>pid</Var>
				</SKFunction>
				<!-- loc -->
				<SKFunction skname="SK32">
					<Var>pid</Var>
				</SKFunction>
				<!-- class -->
				<SKFunction skname="SK33">
					<Var>pid</Var>
				</SKFunction>
				<!-- note -->
				<SKFunction skname="SK34">
					<Var>pid</Var>
				</SKFunction>
				<!-- annote -->
				<SKFunction skname="SK35">
					<Var>pid</Var>
				</SKFunction>
			</Atom>
		</Exists>
	</Mapping>

<!-- DBook(pid, editor, title, publisher, year, isbn, cdrom, cite, url) & PubAuthors(pid, author) 
	-> BookPublished(bookid, authid) & Author(authid, author) & Book(bookid, title, publisher, year, month, pages, vol, num, loc, class, note, annote)
  -->

	<Mapping id="M8">
		<Foreach>
			<Atom tableref="DBook">
				<Var>pid</Var>
				<Var>editor</Var>
				<Var>title</Var>
				<Var>publisher</Var>
				<Var>year</Var>
				<Var>isbn</Var>
				<Var>cdrom</Var>
				<Var>cite</Var>
				<Var>url</Var>
			</Atom>
			<Atom tableref="PubAuthors">
				<Var>pid</Var>
				<Var>author</Var>
			</Atom>
		</Foreach>
		<Exists>
			<Atom tableref="BookPublished">
				<!--  bookid -->
				<SKFunction skname="SK27">
					<Var>pid</Var>
				</SKFunction>
				<!--  authorid -->
				<SKFunction skname="SK10">
					<Var>author</Var>
				</SKFunction>
			</Atom>
			<Atom tableref="Author">
				<SKFunction skname="SK10">
					<Var>author</Var>
				</SKFunction>
				<Var>author</Var>
			</Atom>
			<Atom tableref="Book">
				<!-- bookid -->
				<SKFunction skname="SK27">
					<Var>pid</Var>
				</SKFunction>
				<Var>title</Var>
				<Var>publisher</Var>
				<Var>year</Var>
				<!-- month -->
				<SKFunction skname="SK28">
					<Var>pid</Var>
				</SKFunction>
				<!-- pages -->
				<SKFunction skname="SK29">
					<Var>pid</Var>
				</SKFunction>
				<!-- vol -->
				<SKFunction skname="SK30">
					<Var>pid</Var>
				</SKFunction>
				<!-- num -->
				<SKFunction skname="SK31">
					<Var>pid</Var>
				</SKFunction>
				<!-- loc -->
				<SKFunction skname="SK32">
					<Var>pid</Var>
				</SKFunction>
				<!-- class -->
				<SKFunction skname="SK33">
					<Var>pid</Var>
				</SKFunction>
				<!-- note -->
				<SKFunction skname="SK34">
					<Var>pid</Var>
				</SKFunction>
				<!-- annote -->
				<SKFunction skname="SK35">
					<Var>pid</Var>
				</SKFunction>
			</Atom>
		</Exists>
	</Mapping>

<!-- PhDThesis(author, title, year, series, number, month, school, publisher, isbn) 
-> MiscPublished(miscid, authid) & Misc(miscid, title, howpub, confloc, year, month, pages, vol, number, loc, class, note, school) & Author(authid, author)  -->

	<Mapping id="M9">
		<Foreach>
			<Atom tableref="PhDThesis">
				<Var>author</Var>
				<Var>title</Var>
				<Var>year</Var>
				<Var>series</Var>
				<Var>number</Var>
				<Var>month</Var>
				<Var>school</Var>
				<Var>publisher</Var>
				<Var>isbn</Var>
			</Atom>		
		</Foreach>
		<Exists>
			<Atom tableref="MiscPublished">
				<!--  miscid (author, title) this time -->
				<SKFunction skname="SK36">
					<Var>author</Var>
					<Var>title</Var>
				</SKFunction>
				<!--  authorid -->
				<SKFunction skname="SK10">
					<Var>author</Var>
				</SKFunction>
			</Atom>
			<Atom tableref="Author">
				<SKFunction skname="SK10">
					<Var>author</Var>
				</SKFunction>
				<Var>author</Var>
			</Atom>
			<Atom tableref="Misc">
				<!--  miscid -->
				<SKFunction skname="SK36">
					<Var>author</Var>
					<Var>title</Var>
				</SKFunction>
				<Var>title</Var>
				<!-- howpub -->
				<SKFunction skname="SK37">
					<Var>author</Var>
					<Var>title</Var>
				</SKFunction>
				<!-- confloc -->
				<SKFunction skname="SK38">
					<Var>author</Var>
					<Var>title</Var>
				</SKFunction>
				<Var>year</Var>
				<Var>month</Var>
				<!-- pages -->
				<SKFunction skname="SK39">
					<Var>author</Var>
					<Var>title</Var>
				</SKFunction>
				<!-- vol -->
				<SKFunction skname="SK40">
					<Var>author</Var>
					<Var>title</Var>
				</SKFunction>
				<Var>number</Var>
				<!-- loc -->
				<SKFunction skname="SK41">
					<Var>author</Var>
					<Var>title</Var>
				</SKFunction>
				<!-- class -->
				<SKFunction skname="SK42">
					<Var>author</Var>
					<Var>title</Var>
				</SKFunction>
				<!-- note -->
				<SKFunction skname="SK43">
					<Var>author</Var>
					<Var>title</Var>
				</SKFunction>
				<!-- annote -->
				<Var>school</Var>
			</Atom>
		</Exists>
	</Mapping>

<!-- MastersThesis(author, title, year, school) 
-> MiscPublished(miscid, authid) & Misc(miscid, title, howpub, confloc, year, month, pages, vol, num, loc, class, note, school) & Author(authid, author)
  -->

	<Mapping id="M10">
		<Foreach>
			<Atom tableref="MasterThesis">
				<Var>author</Var>
				<Var>title</Var>
				<Var>year</Var>
				<Var>school</Var>
			</Atom>
		</Foreach>
		<Exists>
			<Atom tableref="MiscPublished">
				<!--  miscid -->
				<SKFunction skname="SK44">
					<Var>author</Var>
					<Var>title</Var>
				</SKFunction>
				<!--  authorid -->
				<SKFunction skname="SK10">
					<Var>author</Var>
				</SKFunction>
			</Atom>
			<Atom tableref="Author">
				<SKFunction skname="SK10">
					<Var>author</Var>
				</SKFunction>
				<Var>author</Var>
			</Atom>
			<Atom tableref="Misc">
				<!--  miscid -->
				<SKFunction skname="SK44">
					<Var>author</Var>
					<Var>title</Var>
				</SKFunction>
				<Var>title</Var>
				<!-- howpub -->
				<SKFunction skname="SK45">
					<Var>author</Var>
					<Var>title</Var>
				</SKFunction>
				<!-- confloc -->
				<SKFunction skname="SK46">
					<Var>author</Var>
					<Var>title</Var>
				</SKFunction>
				<Var>year</Var>
				<!-- month -->
				<SKFunction skname="SK47">
					<Var>author</Var>
					<Var>title</Var>
				</SKFunction>
				<!-- pages -->
				<SKFunction skname="SK48">
					<Var>author</Var>
					<Var>title</Var>
				</SKFunction>
				<!-- vol -->
				<SKFunction skname="SK49">
					<Var>author</Var>
					<Var>title</Var>
				</SKFunction>
				<!-- num -->
				<SKFunction skname="SK50">
					<Var>author</Var>
					<Var>title</Var>
				</SKFunction>
				<!-- loc -->
				<SKFunction skname="SK51">
					<Var>author</Var>
					<Var>title</Var>
				</SKFunction>
				<!-- class -->
				<SKFunction skname="SK52">
					<Var>author</Var>
					<Var>title</Var>
				</SKFunction>
				<!-- note -->
				<SKFunction skname="SK53">
					<Var>author</Var>
					<Var>title</Var>
				</SKFunction>
				<!-- annote -->
				<Var>school</Var>
			</Atom>
		</Exists>
	</Mapping>

</Mappings>
<ConnectionInfo>
	<Host>localhost</Host>
	<DB>amalgam</DB>
	<User>lordpretzel</User>
	<Password/>
	<Port>5432</Port>
</ConnectionInfo>
</this:MappingScenario>